rep,gamma,background,learner,weighting,AUC_truth,rho_psi,ESS_ratio
0,0.0,representative,Random Forest,unweighted,0.7806225,0.8722225196925649,1.0
0,0.0,representative,Random Forest,entropy,0.7797162500000001,0.8705789586701568,0.988298730522599
0,0.0,representative,Random Forest,ipw_uniform,0.77199375,0.8571271348339571,0.6347923006287934
0,0.0,representative,Random Forest,density_ratio,0.78134875,0.8663748114427388,0.7341109183300374
0,0.0,representative,Random Forest,oracle_1/s,0.780623125,0.872222602402252,1.0
0,0.0,representative,GAM,unweighted,0.7972575,0.9711506010288252,1.0
0,0.0,representative,GAM,entropy,0.7962325,0.9689823997195761,0.988298730522599
0,0.0,representative,GAM,ipw_uniform,0.77455625,0.8991622630750428,0.6347923006287934
0,0.0,representative,GAM,density_ratio,0.7704612499999999,0.9093582716174451,0.7341109183300374
0,0.0,representative,GAM,oracle_1/s,0.7972575,0.9711506010288252,1.0
0,0.0,survey-biased,Random Forest,unweighted,0.7827074999999999,0.8768724382164702,1.0
0,0.0,survey-biased,Random Forest,entropy,0.78201625,0.8750376305888004,0.988298730522599
0,0.0,survey-biased,Random Forest,ipw_uniform,0.77611875,0.8657957075351203,0.6347923006287934
0,0.0,survey-biased,Random Forest,density_ratio,0.77960375,0.8693899967062243,0.7375204624980809
0,0.0,survey-biased,Random Forest,oracle_1/s,0.782706875,0.8768717706225667,1.0
0,0.0,survey-biased,GAM,unweighted,0.7950775,0.9704888153419319,1.0
0,0.0,survey-biased,GAM,entropy,0.79432375,0.969406547088584,0.988298730522599
0,0.0,survey-biased,GAM,ipw_uniform,0.7746025,0.907183578380007,0.6347923006287934
0,0.0,survey-biased,GAM,density_ratio,0.76759,0.9052173545702024,0.7375204624980809
0,0.0,survey-biased,GAM,oracle_1/s,0.7950775,0.9704888153419319,1.0
0,1.5,representative,Random Forest,unweighted,0.773409375,0.8570555984384559,1.0
0,1.5,representative,Random Forest,entropy,0.7761993750000001,0.8608198380983707,0.9861467161642566
0,1.5,representative,Random Forest,ipw_uniform,0.770471875,0.8609332997217511,0.6272741928354878
0,1.5,representative,Random Forest,density_ratio,0.7781100000000001,0.8584259582710586,0.6726965295428765
0,1.5,representative,Random Forest,oracle_1/s,0.7777831249999999,0.875996031321966,0.8952910706016879
0,1.5,representative,GAM,unweighted,0.7926925,0.9515724244299171,1.0
0,1.5,representative,GAM,entropy,0.7925449999999999,0.9530410883473224,0.9861467161642566
0,1.5,representative,GAM,ipw_uniform,0.78198875,0.9183509724372909,0.6272741928354878
0,1.5,representative,GAM,density_ratio,0.7665799999999999,0.8830675129118961,0.6726965295428765
0,1.5,representative,GAM,oracle_1/s,0.7965825000000001,0.9656952621155942,0.8952910706016879
0,1.5,survey-biased,Random Forest,unweighted,0.781755,0.8721982618827486,1.0
0,1.5,survey-biased,Random Forest,entropy,0.777825,0.8695181973306548,0.9861467161642566
0,1.5,survey-biased,Random Forest,ipw_uniform,0.7758212500000001,0.8622257519341192,0.6272741928354878
0,1.5,survey-biased,Random Forest,density_ratio,0.776841875,0.8665812020432198,0.7001536112615478
0,1.5,survey-biased,Random Forest,oracle_1/s,0.7786743749999999,0.8765533820031784,0.8952910706016879
0,1.5,survey-biased,GAM,unweighted,0.7979124999999998,0.9640412538702978,1.0
0,1.5,survey-biased,GAM,entropy,0.79777875,0.9648866435929446,0.9861467161642566
0,1.5,survey-biased,GAM,ipw_uniform,0.78507625,0.923487105997514,0.6272741928354878
0,1.5,survey-biased,GAM,density_ratio,0.77193,0.8966614319359939,0.7001536112615478
0,1.5,survey-biased,GAM,oracle_1/s,0.7931124999999999,0.9512848048131509,0.8952910706016879
0,3.0,representative,Random Forest,unweighted,0.7525431250000001,0.7663902768366707,1.0
0,3.0,representative,Random Forest,entropy,0.7500800000000001,0.7656701196585328,0.9885733777008532
0,3.0,representative,Random Forest,ipw_uniform,0.75217,0.774920375182953,0.6130367044724181
0,3.0,representative,Random Forest,density_ratio,0.7487287499999999,0.7754370138768981,0.7126869340012505
0,3.0,representative,Random Forest,oracle_1/s,0.767355625,0.8258946470121812,0.6918154720954606
0,3.0,representative,GAM,unweighted,0.76581375,0.8689006627263365,1.0
0,3.0,representative,GAM,entropy,0.76790125,0.8751454524043784,0.9885733777008532
0,3.0,representative,GAM,ipw_uniform,0.76332375,0.8560076333866621,0.6130367044724181
0,3.0,representative,GAM,density_ratio,0.73996125,0.8194897992748944,0.7126869340012505
0,3.0,representative,GAM,oracle_1/s,0.7895300000000001,0.95382898186087,0.6918154720954606
0,3.0,survey-biased,Random Forest,unweighted,0.76053375,0.8260379012758923,1.0
0,3.0,survey-biased,Random Forest,entropy,0.7638218750000001,0.8249805057395668,0.9885733777008532
0,3.0,survey-biased,Random Forest,ipw_uniform,0.76106,0.8264006215870557,0.6130367044724181
0,3.0,survey-biased,Random Forest,density_ratio,0.7591275,0.8226479993550052,0.7626959337997434
0,3.0,survey-biased,Random Forest,oracle_1/s,0.7649556250000001,0.8529857760703871,0.6918154720954606
0,3.0,survey-biased,GAM,unweighted,0.7810825,0.9184024219576575,1.0
0,3.0,survey-biased,GAM,entropy,0.7824275,0.9223021878600123,0.9885733777008532
0,3.0,survey-biased,GAM,ipw_uniform,0.7693775,0.8766739926056727,0.6130367044724181
0,3.0,survey-biased,GAM,density_ratio,0.7534200000000001,0.8607399318619583,0.7626959337997434
0,3.0,survey-biased,GAM,oracle_1/s,0.77794875,0.9181118461537783,0.6918154720954606
0,4.5,representative,Random Forest,unweighted,0.7287349999999999,0.6981108101694777,1.0
0,4.5,representative,Random Forest,entropy,0.729116875,0.6998217927025083,0.9869294977484059
0,4.5,representative,Random Forest,ipw_uniform,0.728834375,0.6928610256647486,0.5692472436400838
0,4.5,representative,Random Forest,density_ratio,0.7259212500000001,0.7006304198216879,0.6262725849585741
0,4.5,representative,Random Forest,oracle_1/s,0.76486875,0.7907628073047038,0.42751914221534876
0,4.5,representative,GAM,unweighted,0.75293625,0.8096923630979158,1.0
0,4.5,representative,GAM,entropy,0.7530950000000001,0.8111181236290228,0.9869294977484059
0,4.5,representative,GAM,ipw_uniform,0.7476037499999999,0.8003903477438746,0.5692472436400838
0,4.5,representative,GAM,density_ratio,0.735015,0.7914531029655142,0.6262725849585741
0,4.5,representative,GAM,oracle_1/s,0.78296875,0.9323827081164333,0.42751914221534876
0,4.5,survey-biased,Random Forest,unweighted,0.7630356250000001,0.7807062020352804,1.0
0,4.5,survey-biased,Random Forest,entropy,0.76031125,0.7791453752498066,0.9869294977484059
0,4.5,survey-biased,Random Forest,ipw_uniform,0.755723125,0.7790891052084816,0.5692472436400838
0,4.5,survey-biased,Random Forest,density_ratio,0.759319375,0.7775149490905487,0.704021488554161
0,4.5,survey-biased,Random Forest,oracle_1/s,0.7757200000000001,0.817388885929452,0.42751914221534876
0,4.5,survey-biased,GAM,unweighted,0.77247625,0.8714013917030364,1.0
0,4.5,survey-biased,GAM,entropy,0.7726537499999999,0.8725706863373038,0.9869294977484059
0,4.5,survey-biased,GAM,ipw_uniform,0.7616875,0.8415986126969635,0.5692472436400838
0,4.5,survey-biased,GAM,density_ratio,0.7497225000000001,0.8326876571529338,0.704021488554161
0,4.5,survey-biased,GAM,oracle_1/s,0.7628425000000001,0.8746127330860584,0.42751914221534876
1,0.0,representative,Random Forest,unweighted,0.776385625,0.8562082514687273,1.0
1,0.0,representative,Random Forest,entropy,0.769798125,0.8551452172870846,0.9891340912727706
1,0.0,representative,Random Forest,ipw_uniform,0.7730206250000001,0.8379428227167384,0.6344451271701601
1,0.0,representative,Random Forest,density_ratio,0.767103125,0.8527500615383019,0.7572444733094162
1,0.0,representative,Random Forest,oracle_1/s,0.7763856250000001,0.8562080261635903,1.0
1,0.0,representative,GAM,unweighted,0.796358125,0.9767751043985322,1.0
1,0.0,representative,GAM,entropy,0.795346875,0.9717938377284177,0.9891340912727706
1,0.0,representative,GAM,ipw_uniform,0.7787656249999999,0.9026801778170402,0.6344451271701601
1,0.0,representative,GAM,density_ratio,0.7787193749999999,0.9130713637228327,0.7572444733094162
1,0.0,representative,GAM,oracle_1/s,0.796358125,0.9767751043985322,1.0
1,0.0,survey-biased,Random Forest,unweighted,0.76920625,0.8571782091115433,1.0
1,0.0,survey-biased,Random Forest,entropy,0.769819375,0.8573077172466841,0.9891340912727706
1,0.0,survey-biased,Random Forest,ipw_uniform,0.765841875,0.8318675699846104,0.6344451271701601
1,0.0,survey-biased,Random Forest,density_ratio,0.7695581249999999,0.8467733275836812,0.748344122606875
1,0.0,survey-biased,Random Forest,oracle_1/s,0.7692068750000001,0.8571771088732101,1.0
1,0.0,survey-biased,GAM,unweighted,0.7969906250000001,0.9740374573122779,1.0
1,0.0,survey-biased,GAM,entropy,0.7966243749999999,0.9700544788183159,0.9891340912727706
1,0.0,survey-biased,GAM,ipw_uniform,0.781771875,0.9070291735752739,0.6344451271701601
1,0.0,survey-biased,GAM,density_ratio,0.7790756249999999,0.9077133840788592,0.748344122606875
1,0.0,survey-biased,GAM,oracle_1/s,0.7969906250000001,0.9740374573122779,1.0
1,1.5,representative,Random Forest,unweighted,0.7626718750000001,0.8265394321006112,1.0
1,1.5,representative,Random Forest,entropy,0.762445625,0.8259439921965064,0.9859453560630168
1,1.5,representative,Random Forest,ipw_uniform,0.754360625,0.8199890493747727,0.5538094682291476
1,1.5,representative,Random Forest,density_ratio,0.7572031250000001,0.8201700348094736,0.6801541731138407
1,1.5,representative,Random Forest,oracle_1/s,0.763525625,0.8322848472440296,0.898587936725251
1,1.5,representative,GAM,unweighted,0.7865906250000001,0.9446673319587198,1.0
1,1.5,representative,GAM,entropy,0.787824375,0.9443337328545798,0.9859453560630168
1,1.5,representative,GAM,ipw_uniform,0.7711206250000001,0.8621756601959176,0.5538094682291476
1,1.5,representative,GAM,density_ratio,0.762951875,0.8695248383589116,0.6801541731138407
1,1.5,representative,GAM,oracle_1/s,0.791775625,0.9548725251498702,0.898587936725251
1,1.5,survey-biased,Random Forest,unweighted,0.75966125,0.8301141866683868,1.0
1,1.5,survey-biased,Random Forest,entropy,0.758235625,0.8334735521899116,0.9859453560630168
1,1.5,survey-biased,Random Forest,ipw_uniform,0.7531893749999999,0.8201978700195632,0.5538094682291476
1,1.5,survey-biased,Random Forest,density_ratio,0.76396375,0.8248831274131224,0.7121396962858462
1,1.5,survey-biased,Random Forest,oracle_1/s,0.7638606250000001,0.8331449312492433,0.898587936725251
1,1.5,survey-biased,GAM,unweighted,0.7900031250000001,0.9485831795551974,1.0
1,1.5,survey-biased,GAM,entropy,0.790191875,0.9455834948296095,0.9859453560630168
1,1.5,survey-biased,GAM,ipw_uniform,0.768058125,0.8472583175168191,0.5538094682291476
1,1.5,survey-biased,GAM,density_ratio,0.7668743750000001,0.8715209092430706,0.7121396962858462
1,1.5,survey-biased,GAM,oracle_1/s,0.784520625,0.9286237452975911,0.898587936725251
1,3.0,representative,Random Forest,unweighted,0.74441625,0.7708120444277218,1.0
1,3.0,representative,Random Forest,entropy,0.744563125,0.7814733892684756,0.986081606490954
1,3.0,representative,Random Forest,ipw_uniform,0.7529243750000001,0.7852072237526372,0.6101483051004114
1,3.0,representative,Random Forest,density_ratio,0.742376875,0.7773701825336139,0.6480758576530472
1,3.0,representative,Random Forest,oracle_1/s,0.773259375,0.8408336673540839,0.6708582565525166
1,3.0,representative,GAM,unweighted,0.762080625,0.8908921943154451,1.0
1,3.0,representative,GAM,entropy,0.7647693750000001,0.8952795155361467,0.986081606490954
1,3.0,representative,GAM,ipw_uniform,0.762883125,0.8592997797533863,0.6101483051004114
1,3.0,representative,GAM,density_ratio,0.747630625,0.8333024933535568,0.6480758576530472
1,3.0,representative,GAM,oracle_1/s,0.7910981250000001,0.95562853477252,0.6708582565525166
1,3.0,survey-biased,Random Forest,unweighted,0.769229375,0.825704698891791,1.0
1,3.0,survey-biased,Random Forest,entropy,0.7655381250000002,0.8274187411140371,0.986081606490954
1,3.0,survey-biased,Random Forest,ipw_uniform,0.7667131250000001,0.822750432679637,0.6101483051004114
1,3.0,survey-biased,Random Forest,density_ratio,0.7695593749999999,0.8177213567246401,0.708322886159623
1,3.0,survey-biased,Random Forest,oracle_1/s,0.778075625,0.8540314427992999,0.6708582565525166
1,3.0,survey-biased,GAM,unweighted,0.778791875,0.9387075074877655,1.0
1,3.0,survey-biased,GAM,entropy,0.7811131250000001,0.9408942876722372,0.986081606490954
1,3.0,survey-biased,GAM,ipw_uniform,0.771098125,0.8805819996041606,0.6101483051004114
1,3.0,survey-biased,GAM,density_ratio,0.7611831250000002,0.8692727927044757,0.708322886159623
1,3.0,survey-biased,GAM,oracle_1/s,0.777836875,0.9067444190327459,0.6708582565525166
1,4.5,representative,Random Forest,unweighted,0.6978512499999999,0.6240644355378014,1.0
1,4.5,representative,Random Forest,entropy,0.6947125,0.6181727792537542,0.9893042306706782
1,4.5,representative,Random Forest,ipw_uniform,0.69654375,0.6182415706449097,0.6513583158586873
1,4.5,representative,Random Forest,density_ratio,0.688245625,0.6292874880548511,0.5616486546840213
1,4.5,representative,Random Forest,oracle_1/s,0.736775625,0.7468221740826403,0.4793678823353486
1,4.5,representative,GAM,unweighted,0.7226231249999999,0.7505445008311769,1.0
1,4.5,representative,GAM,entropy,0.722615625,0.7498012485506897,0.9893042306706782
1,4.5,representative,GAM,ipw_uniform,0.715251875,0.7217429774189822,0.6513583158586873
1,4.5,representative,GAM,density_ratio,0.691184375,0.6764858641635817,0.5616486546840213
1,4.5,representative,GAM,oracle_1/s,0.7791593750000001,0.9315631604867027,0.4793678823353486
1,4.5,survey-biased,Random Forest,unweighted,0.72975875,0.7289950019724454,1.0
1,4.5,survey-biased,Random Forest,entropy,0.7274475,0.7233008442230578,0.9893042306706782
1,4.5,survey-biased,Random Forest,ipw_uniform,0.729676875,0.7205499356205568,0.6513583158586873
1,4.5,survey-biased,Random Forest,density_ratio,0.721500625,0.715678472147187,0.6624748748773736
1,4.5,survey-biased,Random Forest,oracle_1/s,0.7578268749999999,0.8094835318110035,0.4793678823353486
1,4.5,survey-biased,GAM,unweighted,0.743999375,0.817563282292933,1.0
1,4.5,survey-biased,GAM,entropy,0.7450593750000001,0.8189931402768947,0.9893042306706782
1,4.5,survey-biased,GAM,ipw_uniform,0.738811875,0.7907248394774988,0.6513583158586873
1,4.5,survey-biased,GAM,density_ratio,0.7118593750000001,0.7371967596474623,0.6624748748773736
1,4.5,survey-biased,GAM,oracle_1/s,0.776615625,0.9194946802033752,0.4793678823353486
2,0.0,representative,Random Forest,unweighted,0.7624556250000001,0.8495339412509375,1.0
2,0.0,representative,Random Forest,entropy,0.761060625,0.8429168642628861,0.9874421678232668
2,0.0,representative,Random Forest,ipw_uniform,0.75529875,0.8242061195559198,0.6546833988194919
2,0.0,representative,Random Forest,density_ratio,0.7613868749999999,0.8496919821466584,0.690975373418008
2,0.0,representative,Random Forest,oracle_1/s,0.7624556250000001,0.8495335350957784,1.0
2,0.0,representative,GAM,unweighted,0.788154375,0.9749988123502422,1.0
2,0.0,representative,GAM,entropy,0.7882893750000001,0.9745661666678397,0.9874421678232668
2,0.0,representative,GAM,ipw_uniform,0.7753006249999999,0.9117294012243105,0.6546833988194919
2,0.0,representative,GAM,density_ratio,0.7728043750000001,0.903768977758569,0.690975373418008
2,0.0,representative,GAM,oracle_1/s,0.788154375,0.9749988123502422,1.0
2,0.0,survey-biased,Random Forest,unweighted,0.768044375,0.8584330755612983,1.0
2,0.0,survey-biased,Random Forest,entropy,0.766128125,0.8522708338929108,0.9874421678232668
2,0.0,survey-biased,Random Forest,ipw_uniform,0.759435625,0.8320276505157556,0.6546833988194919
2,0.0,survey-biased,Random Forest,density_ratio,0.766188125,0.8523756051551741,0.6910792217174615
2,0.0,survey-biased,Random Forest,oracle_1/s,0.76804375,0.8584329368415404,1.0
2,0.0,survey-biased,GAM,unweighted,0.787790625,0.9754635340213633,1.0
2,0.0,survey-biased,GAM,entropy,0.7875118750000001,0.9738789625719552,0.9874421678232668
2,0.0,survey-biased,GAM,ipw_uniform,0.774258125,0.9110684800228949,0.6546833988194919
2,0.0,survey-biased,GAM,density_ratio,0.7731131250000001,0.9064204718251883,0.6910792217174615
2,0.0,survey-biased,GAM,oracle_1/s,0.787790625,0.9754635340213633,1.0
2,1.5,representative,Random Forest,unweighted,0.75980125,0.8349847574085374,1.0
2,1.5,representative,Random Forest,entropy,0.759333125,0.8369143493291429,0.9860858672453193
2,1.5,representative,Random Forest,ipw_uniform,0.7593093750000001,0.8313389397294292,0.5508498489947464
2,1.5,representative,Random Forest,density_ratio,0.7566018750000001,0.8276504726965047,0.6584918372105812
2,1.5,representative,Random Forest,oracle_1/s,0.7660593750000001,0.8540144934921162,0.911873900141645
2,1.5,representative,GAM,unweighted,0.773908125,0.9401981101355807,1.0
2,1.5,representative,GAM,entropy,0.776334375,0.9435002772882906,0.9860858672453193
2,1.5,representative,GAM,ipw_uniform,0.7664918749999999,0.8898945060713832,0.5508498489947464
2,1.5,representative,GAM,density_ratio,0.7645193750000001,0.8835921270788393,0.6584918372105812
2,1.5,representative,GAM,oracle_1/s,0.7830568750000001,0.9554904940574801,0.911873900141645
2,1.5,survey-biased,Random Forest,unweighted,0.7691412499999999,0.8512910430993309,1.0
2,1.5,survey-biased,Random Forest,entropy,0.7689568749999999,0.8525530001655094,0.9860858672453193
2,1.5,survey-biased,Random Forest,ipw_uniform,0.7664068749999999,0.8407564257272931,0.5508498489947464
2,1.5,survey-biased,Random Forest,density_ratio,0.7628456250000001,0.8401621381942225,0.6992145521782167
2,1.5,survey-biased,Random Forest,oracle_1/s,0.770538125,0.8562012964741529,0.911873900141645
2,1.5,survey-biased,GAM,unweighted,0.7803118749999999,0.9559463875612405,1.0
2,1.5,survey-biased,GAM,entropy,0.781759375,0.9565670836963734,0.9860858672453193
2,1.5,survey-biased,GAM,ipw_uniform,0.7660718750000001,0.8857486999942217,0.5508498489947464
2,1.5,survey-biased,GAM,density_ratio,0.7663893749999999,0.8821690030246583,0.6992145521782167
2,1.5,survey-biased,GAM,oracle_1/s,0.7824181250000001,0.9469502191085515,0.911873900141645
2,3.0,representative,Random Forest,unweighted,0.730865625,0.7752937873668393,1.0
2,3.0,representative,Random Forest,entropy,0.7323125000000001,0.7756936341642862,0.9850840575390244
2,3.0,representative,Random Forest,ipw_uniform,0.7327725,0.7765477298396407,0.5991404241751183
2,3.0,representative,Random Forest,density_ratio,0.7313581250000001,0.7694125605246156,0.6170596739926666
2,3.0,representative,Random Forest,oracle_1/s,0.754255625,0.8340356268059514,0.6620197560928871
2,3.0,representative,GAM,unweighted,0.756336875,0.879842629402357,1.0
2,3.0,representative,GAM,entropy,0.757881875,0.883052349863787,0.9850840575390244
2,3.0,representative,GAM,ipw_uniform,0.750853125,0.8476897220353676,0.5991404241751183
2,3.0,representative,GAM,density_ratio,0.742633125,0.8238887334020859,0.6170596739926666
2,3.0,representative,GAM,oracle_1/s,0.781211875,0.935812319267013,0.6620197560928871
2,3.0,survey-biased,Random Forest,unweighted,0.7474618749999999,0.8196919143229282,1.0
2,3.0,survey-biased,Random Forest,entropy,0.7452518750000001,0.8234985801241109,0.9850840575390244
2,3.0,survey-biased,Random Forest,ipw_uniform,0.747843125,0.8070590692378621,0.5991404241751183
2,3.0,survey-biased,Random Forest,density_ratio,0.748168125,0.8144249596485141,0.6859339773478298
2,3.0,survey-biased,Random Forest,oracle_1/s,0.756011875,0.8393798651203961,0.6620197560928871
2,3.0,survey-biased,GAM,unweighted,0.7727056250000001,0.922023322505929,1.0
2,3.0,survey-biased,GAM,entropy,0.773290625,0.923909373054002,0.9850840575390244
2,3.0,survey-biased,GAM,ipw_uniform,0.757415625,0.8602115574322526,0.5991404241751183
2,3.0,survey-biased,GAM,density_ratio,0.7545918749999999,0.8549288756960803,0.6859339773478298
2,3.0,survey-biased,GAM,oracle_1/s,0.7687843750000001,0.8885558236363562,0.6620197560928871
2,4.5,representative,Random Forest,unweighted,0.6926218749999999,0.6657718779744342,1.0
2,4.5,representative,Random Forest,entropy,0.698040625,0.6664626198688314,0.9876111505966702
2,4.5,representative,Random Forest,ipw_uniform,0.69415375,0.6544699853683861,0.6746231650517194
2,4.5,representative,Random Forest,density_ratio,0.687731875,0.6508622159408863,0.6804767810975098
2,4.5,representative,Random Forest,oracle_1/s,0.732336875,0.7707862238688042,0.4529245819539159
2,4.5,representative,GAM,unweighted,0.712618125,0.7546459557692522,1.0
2,4.5,representative,GAM,entropy,0.7131406250000001,0.753563601837197,0.9876111505966702
2,4.5,representative,GAM,ipw_uniform,0.709946875,0.7268438272014187,0.6746231650517194
2,4.5,representative,GAM,density_ratio,0.692893125,0.6817566454352348,0.6804767810975098
2,4.5,representative,GAM,oracle_1/s,0.7744793749999999,0.9334257281856739,0.4529245819539159
2,4.5,survey-biased,Random Forest,unweighted,0.739395625,0.7778431959145478,1.0
2,4.5,survey-biased,Random Forest,entropy,0.73568125,0.7689551666062544,0.9876111505966702
2,4.5,survey-biased,Random Forest,ipw_uniform,0.7345868750000001,0.754600489671881,0.6746231650517194
2,4.5,survey-biased,Random Forest,density_ratio,0.730646875,0.7599386292162151,0.7330799525430598
2,4.5,survey-biased,Random Forest,oracle_1/s,0.755704375,0.8209280890947687,0.4529245819539159
2,4.5,survey-biased,GAM,unweighted,0.740194375,0.831053855134883,1.0
2,4.5,survey-biased,GAM,entropy,0.7409231249999999,0.830406256066771,0.9876111505966702
2,4.5,survey-biased,GAM,ipw_uniform,0.734705625,0.793134152171644,0.6746231650517194
2,4.5,survey-biased,GAM,density_ratio,0.713634375,0.7423128153173617,0.7330799525430598
2,4.5,survey-biased,GAM,oracle_1/s,0.771061875,0.8999010223858512,0.4529245819539159
3,0.0,representative,Random Forest,unweighted,0.74756875,0.8579612900038694,1.0
3,0.0,representative,Random Forest,entropy,0.74208,0.8559710453944641,0.9897228282510636
3,0.0,representative,Random Forest,ipw_uniform,0.7382187499999999,0.841391376335344,0.6468173413387719
3,0.0,representative,Random Forest,density_ratio,0.7413325,0.8569501488857957,0.721266454979579
3,0.0,representative,Random Forest,oracle_1/s,0.74756875,0.8579610444761581,1.0
3,0.0,representative,GAM,unweighted,0.7581575,0.9682167810396977,1.0
3,0.0,representative,GAM,entropy,0.7567925,0.9653895456342618,0.9897228282510636
3,0.0,representative,GAM,ipw_uniform,0.7389950000000001,0.8998155924727701,0.6468173413387719
3,0.0,representative,GAM,density_ratio,0.7360525,0.8998042953819808,0.721266454979579
3,0.0,representative,GAM,oracle_1/s,0.7581575,0.9682167810396977,1.0
3,0.0,survey-biased,Random Forest,unweighted,0.74212875,0.863435166257247,1.0
3,0.0,survey-biased,Random Forest,entropy,0.740035,0.8569888364511732,0.9897228282510636
3,0.0,survey-biased,Random Forest,ipw_uniform,0.739420625,0.8432433214338662,0.6468173413387719
3,0.0,survey-biased,Random Forest,density_ratio,0.74235625,0.8551736347610638,0.7138792657848743
3,0.0,survey-biased,Random Forest,oracle_1/s,0.742129375,0.8634347943165882,1.0
3,0.0,survey-biased,GAM,unweighted,0.75759625,0.9682960491502647,1.0
3,0.0,survey-biased,GAM,entropy,0.7565449999999999,0.9653914504005355,0.9897228282510636
3,0.0,survey-biased,GAM,ipw_uniform,0.7383525000000001,0.8972689533849014,0.6468173413387719
3,0.0,survey-biased,GAM,density_ratio,0.7362112499999999,0.89746764257903,0.7138792657848743
3,0.0,survey-biased,GAM,oracle_1/s,0.75759625,0.9682960491502647,1.0
3,1.5,representative,Random Forest,unweighted,0.732359375,0.833577671335497,1.0
3,1.5,representative,Random Forest,entropy,0.7317912499999999,0.8394117819661864,0.9855851677420331
3,1.5,representative,Random Forest,ipw_uniform,0.7247475,0.8324014297797839,0.5434337643364084
3,1.5,representative,Random Forest,density_ratio,0.71671375,0.8248971276602662,0.7236814017823636
3,1.5,representative,Random Forest,oracle_1/s,0.7364987500000001,0.8552636115881739,0.9024706032102265
3,1.5,representative,GAM,unweighted,0.7491125000000001,0.9401819000139663,1.0
3,1.5,representative,GAM,entropy,0.7480475000000001,0.9389467505153098,0.9855851677420331
3,1.5,representative,GAM,ipw_uniform,0.7239912500000001,0.8587896639452992,0.5434337643364084
3,1.5,representative,GAM,density_ratio,0.7206487500000001,0.8709869397039508,0.7236814017823636
3,1.5,representative,GAM,oracle_1/s,0.7543825,0.9662315819321524,0.9024706032102265
3,1.5,survey-biased,Random Forest,unweighted,0.731375625,0.8590988912014906,1.0
3,1.5,survey-biased,Random Forest,entropy,0.7305662500000001,0.860154658631651,0.9855851677420331
3,1.5,survey-biased,Random Forest,ipw_uniform,0.72538375,0.8451818354319369,0.5434337643364084
3,1.5,survey-biased,Random Forest,density_ratio,0.7195137500000001,0.8436337488566719,0.7395786235103675
3,1.5,survey-biased,Random Forest,oracle_1/s,0.73033,0.8640801737454135,0.9024706032102265
3,1.5,survey-biased,GAM,unweighted,0.75170375,0.9607698668385002,1.0
3,1.5,survey-biased,GAM,entropy,0.7503774999999999,0.9585644641243275,0.9855851677420331
3,1.5,survey-biased,GAM,ipw_uniform,0.723345,0.8669896558546478,0.5434337643364084
3,1.5,survey-biased,GAM,density_ratio,0.7226875,0.8822493069781181,0.7395786235103675
3,1.5,survey-biased,GAM,oracle_1/s,0.749185,0.9582291472798448,0.9024706032102265
3,3.0,representative,Random Forest,unweighted,0.709676875,0.7607005228773304,1.0
3,3.0,representative,Random Forest,entropy,0.7079437500000001,0.7689216488453604,0.988738871768055
3,3.0,representative,Random Forest,ipw_uniform,0.70404,0.7562102389914505,0.7267345173240431
3,3.0,representative,Random Forest,density_ratio,0.7040725000000001,0.7643206870823819,0.6890731517184573
3,3.0,representative,Random Forest,oracle_1/s,0.7250224999999999,0.8282724089395352,0.6712245926142583
3,3.0,representative,GAM,unweighted,0.73478125,0.8867536125111104,1.0
3,3.0,representative,GAM,entropy,0.7343325,0.8905791430665466,0.988738871768055
3,3.0,representative,GAM,ipw_uniform,0.72376875,0.8644428829051201,0.7267345173240431
3,3.0,representative,GAM,density_ratio,0.70789125,0.8299928522280241,0.6890731517184573
3,3.0,representative,GAM,oracle_1/s,0.7486687500000001,0.9498400288620336,0.6712245926142583
3,3.0,survey-biased,Random Forest,unweighted,0.723935,0.8310485830756865,1.0
3,3.0,survey-biased,Random Forest,entropy,0.7226450000000001,0.8252460618706398,0.988738871768055
3,3.0,survey-biased,Random Forest,ipw_uniform,0.717200625,0.809608737334636,0.7267345173240431
3,3.0,survey-biased,Random Forest,density_ratio,0.71134625,0.8180853901996273,0.7427368672187271
3,3.0,survey-biased,Random Forest,oracle_1/s,0.72197125,0.8471380258045375,0.6712245926142583
3,3.0,survey-biased,GAM,unweighted,0.7465699999999998,0.9396609572611471,1.0
3,3.0,survey-biased,GAM,entropy,0.74518875,0.9393303317334559,0.988738871768055
3,3.0,survey-biased,GAM,ipw_uniform,0.72757625,0.8837804664481412,0.7267345173240431
3,3.0,survey-biased,GAM,density_ratio,0.71747125,0.8687717569374124,0.7427368672187271
3,3.0,survey-biased,GAM,oracle_1/s,0.7362549999999999,0.9077871653105146,0.6712245926142583
3,4.5,representative,Random Forest,unweighted,0.6875681250000001,0.6552386631113689,1.0
3,4.5,representative,Random Forest,entropy,0.68992125,0.6601773223686536,0.9891483370221689
3,4.5,representative,Random Forest,ipw_uniform,0.6934562499999999,0.6679945499020228,0.6563233905282287
3,4.5,representative,Random Forest,density_ratio,0.6837675,0.6594541816365947,0.6720092697188638
3,4.5,representative,Random Forest,oracle_1/s,0.7233218749999999,0.7966057281205815,0.42159367466379627
3,4.5,representative,GAM,unweighted,0.7156562500000001,0.7863383892632758,1.0
3,4.5,representative,GAM,entropy,0.71706375,0.7916953794359193,0.9891483370221689
3,4.5,representative,GAM,ipw_uniform,0.71494875,0.7852733772087835,0.6563233905282287
3,4.5,representative,GAM,density_ratio,0.7026224999999999,0.7615285553155252,0.6720092697188638
3,4.5,representative,GAM,oracle_1/s,0.74780875,0.9268060064010283,0.42159367466379627
3,4.5,survey-biased,Random Forest,unweighted,0.71596375,0.7560640608803147,1.0
3,4.5,survey-biased,Random Forest,entropy,0.71788125,0.7623049479194655,0.9891483370221689
3,4.5,survey-biased,Random Forest,ipw_uniform,0.7143381249999999,0.7562226640359123,0.6563233905282287
3,4.5,survey-biased,Random Forest,density_ratio,0.706146875,0.7514444016725864,0.7574759230633498
3,4.5,survey-biased,Random Forest,oracle_1/s,0.7331675,0.828273908917934,0.42159367466379627
3,4.5,survey-biased,GAM,unweighted,0.7320237500000001,0.8518441244220774,1.0
3,4.5,survey-biased,GAM,entropy,0.7336499999999999,0.8577792413637171,0.9891483370221689
3,4.5,survey-biased,GAM,ipw_uniform,0.72631,0.8340319743667977,0.6563233905282287
3,4.5,survey-biased,GAM,density_ratio,0.7136012500000001,0.8072004258796546,0.7574759230633498
3,4.5,survey-biased,GAM,oracle_1/s,0.7282662499999999,0.8588246547308885,0.42159367466379627
4,0.0,representative,Random Forest,unweighted,0.754220625,0.8606461412909638,1.0
4,0.0,representative,Random Forest,entropy,0.7515706249999999,0.8616897755168578,0.9895533129921792
4,0.0,representative,Random Forest,ipw_uniform,0.74712,0.8435225311846967,0.6545274815196174
4,0.0,representative,Random Forest,density_ratio,0.7464181249999999,0.8507400979385028,0.6895077744886726
4,0.0,representative,Random Forest,oracle_1/s,0.7542225,0.8606460054172487,1.0
4,0.0,representative,GAM,unweighted,0.762879375,0.9651204822503533,1.0
4,0.0,representative,GAM,entropy,0.763235625,0.9642591955047086,0.9895533129921792
4,0.0,representative,GAM,ipw_uniform,0.755019375,0.9190885495449629,0.6545274815196174
4,0.0,representative,GAM,density_ratio,0.745941875,0.9071690835533599,0.6895077744886726
4,0.0,representative,GAM,oracle_1/s,0.762879375,0.9651204822503533,1.0
4,0.0,survey-biased,Random Forest,unweighted,0.751896875,0.8641744396971334,1.0
4,0.0,survey-biased,Random Forest,entropy,0.749666875,0.8594206104843547,0.9895533129921792
4,0.0,survey-biased,Random Forest,ipw_uniform,0.7444175000000001,0.8432333507448353,0.6545274815196174
4,0.0,survey-biased,Random Forest,density_ratio,0.741615625,0.8515231987908326,0.6851329165579715
4,0.0,survey-biased,Random Forest,oracle_1/s,0.7518968749999999,0.8641744271141256,1.0
4,0.0,survey-biased,GAM,unweighted,0.762163125,0.965469926934039,1.0
4,0.0,survey-biased,GAM,entropy,0.762456875,0.9641245938025633,0.9895533129921792
4,0.0,survey-biased,GAM,ipw_uniform,0.7537981250000001,0.9168398056317314,0.6545274815196174
4,0.0,survey-biased,GAM,density_ratio,0.7435031249999999,0.9070111589477757,0.6851329165579715
4,0.0,survey-biased,GAM,oracle_1/s,0.762163125,0.965469926934039,1.0
4,1.5,representative,Random Forest,unweighted,0.7272468750000001,0.8178851348877919,1.0
4,1.5,representative,Random Forest,entropy,0.7236299999999999,0.8207602587268115,0.9890929551378426
4,1.5,representative,Random Forest,ipw_uniform,0.72157375,0.8186359185105585,0.5953779152369133
4,1.5,representative,Random Forest,density_ratio,0.721540625,0.8195120759910824,0.6891604104493615
4,1.5,representative,Random Forest,oracle_1/s,0.725875625,0.83373994949842,0.8994136071893051
4,1.5,representative,GAM,unweighted,0.7561681250000001,0.9396367643474937,1.0
4,1.5,representative,GAM,entropy,0.7575393749999999,0.9398581564971201,0.9890929551378426
4,1.5,representative,GAM,ipw_uniform,0.747891875,0.8916113169903299,0.5953779152369133
4,1.5,representative,GAM,density_ratio,0.7344706249999999,0.867890307256723,0.6891604104493615
4,1.5,representative,GAM,oracle_1/s,0.765119375,0.9601990459454127,0.8994136071893051
4,1.5,survey-biased,Random Forest,unweighted,0.731183125,0.8361619669557845,1.0
4,1.5,survey-biased,Random Forest,entropy,0.728779375,0.838666404163379,0.9890929551378426
4,1.5,survey-biased,Random Forest,ipw_uniform,0.724474375,0.8229294332308059,0.5953779152369133
4,1.5,survey-biased,Random Forest,density_ratio,0.7231131250000001,0.8321583823224911,0.7101392400384505
4,1.5,survey-biased,Random Forest,oracle_1/s,0.7285181249999999,0.8373417607310326,0.8994136071893051
4,1.5,survey-biased,GAM,unweighted,0.764049375,0.9571837490377727,1.0
4,1.5,survey-biased,GAM,entropy,0.765041875,0.9559590654739883,0.9890929551378426
4,1.5,survey-biased,GAM,ipw_uniform,0.753669375,0.9003151397307891,0.5953779152369133
4,1.5,survey-biased,GAM,density_ratio,0.741960625,0.8833806868824101,0.7101392400384505
4,1.5,survey-biased,GAM,oracle_1/s,0.762751875,0.9419131761433476,0.8994136071893051
4,3.0,representative,Random Forest,unweighted,0.700176875,0.7530784248115884,1.0
4,3.0,representative,Random Forest,entropy,0.701148125,0.7572689384536364,0.9875361144599651
4,3.0,representative,Random Forest,ipw_uniform,0.7005887499999999,0.7588303346212318,0.5970291764560056
4,3.0,representative,Random Forest,density_ratio,0.692875625,0.7382023344443598,0.6565072359549013
4,3.0,representative,Random Forest,oracle_1/s,0.7279349999999999,0.8294596235078937,0.6766164647695148
4,3.0,representative,GAM,unweighted,0.735331875,0.8850972016392289,1.0
4,3.0,representative,GAM,entropy,0.735870625,0.8866773953233094,0.9875361144599651
4,3.0,representative,GAM,ipw_uniform,0.7254918749999999,0.8496998056449483,0.5970291764560056
4,3.0,representative,GAM,density_ratio,0.7159618750000001,0.8324212633943728,0.6565072359549013
4,3.0,representative,GAM,oracle_1/s,0.762399375,0.9621595504750758,0.6766164647695148
4,3.0,survey-biased,Random Forest,unweighted,0.71898375,0.814788009032756,1.0
4,3.0,survey-biased,Random Forest,entropy,0.720264375,0.813391917586716,0.9875361144599651
4,3.0,survey-biased,Random Forest,ipw_uniform,0.7214050000000001,0.8066627958087008,0.5970291764560056
4,3.0,survey-biased,Random Forest,density_ratio,0.716323125,0.8010005610636457,0.7308565789988526
4,3.0,survey-biased,Random Forest,oracle_1/s,0.731805625,0.8388315440585494,0.6766164647695148
4,3.0,survey-biased,GAM,unweighted,0.747990625,0.9309194450369548,1.0
4,3.0,survey-biased,GAM,entropy,0.7481656250000001,0.9302013534953505,0.9875361144599651
4,3.0,survey-biased,GAM,ipw_uniform,0.731246875,0.867575821387608,0.5970291764560056
4,3.0,survey-biased,GAM,density_ratio,0.7268518750000001,0.8630207901653586,0.7308565789988526
4,3.0,survey-biased,GAM,oracle_1/s,0.7510818749999999,0.9122240819136362,0.6766164647695148
4,4.5,representative,Random Forest,unweighted,0.691945625,0.6979378142277965,1.0
4,4.5,representative,Random Forest,entropy,0.6985312499999998,0.6971500970213896,0.9854391218442639
4,4.5,representative,Random Forest,ipw_uniform,0.70067875,0.6925420408496867,0.5759957015066979
4,4.5,representative,Random Forest,density_ratio,0.69729,0.7053863089687552,0.6584906319927291
4,4.5,representative,Random Forest,oracle_1/s,0.7306168749999999,0.8010366355765421,0.40966398152335304
4,4.5,representative,GAM,unweighted,0.719625625,0.806488311469439,1.0
4,4.5,representative,GAM,entropy,0.7204943750000001,0.8052233820083966,0.9854391218442639
4,4.5,representative,GAM,ipw_uniform,0.7180668750000001,0.7747886279808622,0.5759957015066979
4,4.5,representative,GAM,density_ratio,0.7108343750000001,0.7906733844323953,0.6584906319927291
4,4.5,representative,GAM,oracle_1/s,0.762353125,0.9366697456706441,0.40966398152335304
4,4.5,survey-biased,Random Forest,unweighted,0.7227112500000001,0.7920192691353481,1.0
4,4.5,survey-biased,Random Forest,entropy,0.72134125,0.7885194125556838,0.9854391218442639
4,4.5,survey-biased,Random Forest,ipw_uniform,0.7230043749999999,0.7776500388455097,0.5759957015066979
4,4.5,survey-biased,Random Forest,density_ratio,0.7191675000000001,0.7870491295841727,0.7517923821820264
4,4.5,survey-biased,Random Forest,oracle_1/s,0.740325625,0.8307777975208657,0.40966398152335304
4,4.5,survey-biased,GAM,unweighted,0.737001875,0.8764340473931195,1.0
4,4.5,survey-biased,GAM,entropy,0.7386181250000001,0.8756709427402594,0.9854391218442639
4,4.5,survey-biased,GAM,ipw_uniform,0.734818125,0.8331693647636478,0.5759957015066979
4,4.5,survey-biased,GAM,density_ratio,0.721893125,0.8329306726701173,0.7517923821820264
4,4.5,survey-biased,GAM,oracle_1/s,0.740874375,0.853573024733433,0.40966398152335304
5,0.0,representative,Random Forest,unweighted,0.7572437500000001,0.8541473248891656,1.0
5,0.0,representative,Random Forest,entropy,0.7571618750000001,0.8561431444533665,0.9881260288590928
5,0.0,representative,Random Forest,ipw_uniform,0.7516956250000001,0.8387697675327376,0.6328521437246627
5,0.0,representative,Random Forest,density_ratio,0.755728125,0.8470334020945708,0.7265588984405289
5,0.0,representative,Random Forest,oracle_1/s,0.757244375,0.8541470149604133,1.0
5,0.0,representative,GAM,unweighted,0.783701875,0.9577359253927809,1.0
5,0.0,representative,GAM,entropy,0.7834056249999999,0.9553765407426751,0.9881260288590928
5,0.0,representative,GAM,ipw_uniform,0.766108125,0.8859650390020712,0.6328521437246627
5,0.0,representative,GAM,density_ratio,0.767383125,0.8872979449170592,0.7265588984405289
5,0.0,representative,GAM,oracle_1/s,0.783701875,0.9577359253927809,1.0
5,0.0,survey-biased,Random Forest,unweighted,0.7591600000000001,0.8577436221178621,1.0
5,0.0,survey-biased,Random Forest,entropy,0.759000625,0.8523152226837445,0.9881260288590928
5,0.0,survey-biased,Random Forest,ipw_uniform,0.7509806250000001,0.8430811380776705,0.6328521437246627
5,0.0,survey-biased,Random Forest,density_ratio,0.757653125,0.8467605395607127,0.7203681164857474
5,0.0,survey-biased,Random Forest,oracle_1/s,0.7591600000000001,0.857743064396959,1.0
5,0.0,survey-biased,GAM,unweighted,0.7846656249999999,0.9601229426034205,1.0
5,0.0,survey-biased,GAM,entropy,0.784268125,0.9573746962640517,0.9881260288590928
5,0.0,survey-biased,GAM,ipw_uniform,0.766635625,0.8889420593547503,0.6328521437246627
5,0.0,survey-biased,GAM,density_ratio,0.7668643749999999,0.8828123165271511,0.7203681164857474
5,0.0,survey-biased,GAM,oracle_1/s,0.7846656249999999,0.9601229426034205,1.0
5,1.5,representative,Random Forest,unweighted,0.756460625,0.8288632780392302,1.0
5,1.5,representative,Random Forest,entropy,0.752028125,0.830351729896801,0.9888048174646449
5,1.5,representative,Random Forest,ipw_uniform,0.7480031249999999,0.8212572389574886,0.668501152491928
5,1.5,representative,Random Forest,density_ratio,0.749060625,0.8254130405201326,0.6928245628950911
5,1.5,representative,Random Forest,oracle_1/s,0.7611793749999999,0.8430081606558859,0.9065303403218478
5,1.5,representative,GAM,unweighted,0.779499375,0.9410922134564033,1.0
5,1.5,representative,GAM,entropy,0.7788768750000001,0.9438237928418107,0.9888048174646449
5,1.5,representative,GAM,ipw_uniform,0.765094375,0.9065898565465863,0.668501152491928
5,1.5,representative,GAM,density_ratio,0.7634381250000001,0.8943783137434747,0.6928245628950911
5,1.5,representative,GAM,oracle_1/s,0.783020625,0.9635517258585834,0.9065303403218478
5,1.5,survey-biased,Random Forest,unweighted,0.75981125,0.839169430459743,1.0
5,1.5,survey-biased,Random Forest,entropy,0.7544056250000001,0.8386973332021476,0.9888048174646449
5,1.5,survey-biased,Random Forest,ipw_uniform,0.755684375,0.8244297001992867,0.668501152491928
5,1.5,survey-biased,Random Forest,density_ratio,0.748770625,0.8255711817257236,0.7115377754486686
5,1.5,survey-biased,Random Forest,oracle_1/s,0.7581668749999999,0.8371798203917606,0.9065303403218478
5,1.5,survey-biased,GAM,unweighted,0.7844243750000001,0.9592264063152444,1.0
5,1.5,survey-biased,GAM,entropy,0.783734375,0.9606287993827394,0.9888048174646449
5,1.5,survey-biased,GAM,ipw_uniform,0.767031875,0.9097968275909761,0.668501152491928
5,1.5,survey-biased,GAM,density_ratio,0.768000625,0.9049905546088008,0.7115377754486686
5,1.5,survey-biased,GAM,oracle_1/s,0.7796643750000001,0.9496757889387042,0.9065303403218478
5,3.0,representative,Random Forest,unweighted,0.738626875,0.7815001496674479,1.0
5,3.0,representative,Random Forest,entropy,0.738149375,0.7880132253608991,0.9840006159532063
5,3.0,representative,Random Forest,ipw_uniform,0.7325881249999998,0.7824521295227522,0.5763310637769701
5,3.0,representative,Random Forest,density_ratio,0.733216875,0.7757499612566412,0.6541975585038563
5,3.0,representative,Random Forest,oracle_1/s,0.7603418750000002,0.8367764479247461,0.6351894541579967
5,3.0,representative,GAM,unweighted,0.763479375,0.8887122120933612,1.0
5,3.0,representative,GAM,entropy,0.763431875,0.8916270269873968,0.9840006159532063
5,3.0,representative,GAM,ipw_uniform,0.745136875,0.8321204139345811,0.5763310637769701
5,3.0,representative,GAM,density_ratio,0.734981875,0.8141404358657498,0.6541975585038563
5,3.0,representative,GAM,oracle_1/s,0.771540625,0.941200537426539,0.6351894541579967
5,3.0,survey-biased,Random Forest,unweighted,0.753525625,0.824130052574507,1.0
5,3.0,survey-biased,Random Forest,entropy,0.754203125,0.823497326350605,0.9840006159532063
5,3.0,survey-biased,Random Forest,ipw_uniform,0.7422831250000002,0.7978085499521573,0.5763310637769701
5,3.0,survey-biased,Random Forest,density_ratio,0.749423125,0.8144571609533379,0.709182405222635
5,3.0,survey-biased,Random Forest,oracle_1/s,0.7548281250000001,0.832366317367881,0.6351894541579967
5,3.0,survey-biased,GAM,unweighted,0.775714375,0.9414886651379653,1.0
5,3.0,survey-biased,GAM,entropy,0.7739506249999999,0.9396682492799288,0.9840006159532063
5,3.0,survey-biased,GAM,ipw_uniform,0.744724375,0.8343254341739321,0.5763310637769701
5,3.0,survey-biased,GAM,density_ratio,0.745759375,0.8556400734528103,0.709182405222635
5,3.0,survey-biased,GAM,oracle_1/s,0.7541531250000001,0.8834854597146624,0.6351894541579967
5,4.5,representative,Random Forest,unweighted,0.7065825000000001,0.6781018484437759,1.0
5,4.5,representative,Random Forest,entropy,0.708161875,0.6763583886033618,0.9847373651438974
5,4.5,representative,Random Forest,ipw_uniform,0.7014393750000001,0.668058559390543,0.49863395778295966
5,4.5,representative,Random Forest,density_ratio,0.695143125,0.6572911127801255,0.5956273578183031
5,4.5,representative,Random Forest,oracle_1/s,0.743936875,0.8106372632781115,0.4330285551364881
5,4.5,representative,GAM,unweighted,0.736684375,0.7931137293022544,1.0
5,4.5,representative,GAM,entropy,0.736123125,0.7923660224535392,0.9847373651438974
5,4.5,representative,GAM,ipw_uniform,0.7238568750000001,0.7434276691031998,0.49863395778295966
5,4.5,representative,GAM,density_ratio,0.720450625,0.7419987461583235,0.5956273578183031
5,4.5,representative,GAM,oracle_1/s,0.7701168750000001,0.9423788022410775,0.4330285551364881
5,4.5,survey-biased,Random Forest,unweighted,0.7316156249999999,0.7767665579208917,1.0
5,4.5,survey-biased,Random Forest,entropy,0.734464375,0.7742149541746566,0.9847373651438974
5,4.5,survey-biased,Random Forest,ipw_uniform,0.7207018749999999,0.7603670588798981,0.49863395778295966
5,4.5,survey-biased,Random Forest,density_ratio,0.726781875,0.7561624189189833,0.7103573787104588
5,4.5,survey-biased,Random Forest,oracle_1/s,0.753051875,0.8419391053092822,0.4330285551364881
5,4.5,survey-biased,GAM,unweighted,0.754519375,0.860943686696449,1.0
5,4.5,survey-biased,GAM,entropy,0.7544881250000002,0.860683319339062,0.9847373651438974
5,4.5,survey-biased,GAM,ipw_uniform,0.736294375,0.7855614850854986,0.49863395778295966
5,4.5,survey-biased,GAM,density_ratio,0.7352881250000001,0.7926837966279701,0.7103573787104588
5,4.5,survey-biased,GAM,oracle_1/s,0.750338125,0.8775439079035924,0.4330285551364881
6,0.0,representative,Random Forest,unweighted,0.739830625,0.8265602921826789,1.0
6,0.0,representative,Random Forest,entropy,0.7352175000000001,0.8224385011229349,0.9861320954254141
6,0.0,representative,Random Forest,ipw_uniform,0.7398268749999999,0.8153110814160914,0.5707803950645993
6,0.0,representative,Random Forest,density_ratio,0.73847375,0.8289742973121218,0.7126751938441882
6,0.0,representative,Random Forest,oracle_1/s,0.7398312499999999,0.8265600526860826,1.0
6,0.0,representative,GAM,unweighted,0.76954625,0.9693070906835237,1.0
6,0.0,representative,GAM,entropy,0.7683525,0.9637999747507655,0.9861320954254141
6,0.0,representative,GAM,ipw_uniform,0.73932625,0.8460788960397309,0.5707803950645993
6,0.0,representative,GAM,density_ratio,0.7456812499999999,0.8676810597468749,0.7126751938441882
6,0.0,representative,GAM,oracle_1/s,0.76954625,0.9693070906835237,1.0
6,0.0,survey-biased,Random Forest,unweighted,0.738053125,0.8269468710982908,1.0
6,0.0,survey-biased,Random Forest,entropy,0.7356543750000002,0.8289541098678289,0.9861320954254141
6,0.0,survey-biased,Random Forest,ipw_uniform,0.7378024999999999,0.8102206270777663,0.5707803950645993
6,0.0,survey-biased,Random Forest,density_ratio,0.74028,0.8237759972427838,0.7148763997069812
6,0.0,survey-biased,Random Forest,oracle_1/s,0.738053125,0.8269466678429948,1.0
6,0.0,survey-biased,GAM,unweighted,0.768375,0.9681356961058002,1.0
6,0.0,survey-biased,GAM,entropy,0.7671287499999999,0.9623016570342295,0.9861320954254141
6,0.0,survey-biased,GAM,ipw_uniform,0.7374350000000001,0.844982396154581,0.5707803950645993
6,0.0,survey-biased,GAM,density_ratio,0.74272375,0.862073229580422,0.7148763997069812
6,0.0,survey-biased,GAM,oracle_1/s,0.768375,0.9681356961058002,1.0
6,1.5,representative,Random Forest,unweighted,0.7369225,0.8519510693756285,1.0
6,1.5,representative,Random Forest,entropy,0.737676875,0.8497978003780379,0.9902303189695058
6,1.5,representative,Random Forest,ipw_uniform,0.73419375,0.8474285113073963,0.6967767840558604
6,1.5,representative,Random Forest,density_ratio,0.73668,0.8472238989568103,0.7287370301718642
6,1.5,representative,Random Forest,oracle_1/s,0.7416499999999999,0.8627857850629352,0.903136154595488
6,1.5,representative,GAM,unweighted,0.7594575000000001,0.9469880633754885,1.0
6,1.5,representative,GAM,entropy,0.75971375,0.9481298321400438,0.9902303189695058
6,1.5,representative,GAM,ipw_uniform,0.75280375,0.9201121399294917,0.6967767840558604
6,1.5,representative,GAM,density_ratio,0.7453475,0.88500188670378,0.7287370301718642
6,1.5,representative,GAM,oracle_1/s,0.7686575,0.9708511894497506,0.903136154595488
6,1.5,survey-biased,Random Forest,unweighted,0.7444968750000001,0.8671827252678355,1.0
6,1.5,survey-biased,Random Forest,entropy,0.7417199999999999,0.869424095729814,0.9902303189695058
6,1.5,survey-biased,Random Forest,ipw_uniform,0.7400606249999999,0.8582443426677862,0.6967767840558604
6,1.5,survey-biased,Random Forest,density_ratio,0.7449899999999999,0.8673364831292051,0.7252285657453126
6,1.5,survey-biased,Random Forest,oracle_1/s,0.746014375,0.8722986187849864,0.903136154595488
6,1.5,survey-biased,GAM,unweighted,0.7664887499999999,0.964671229570971,1.0
6,1.5,survey-biased,GAM,entropy,0.76629125,0.9646452189282931,0.9902303189695058
6,1.5,survey-biased,GAM,ipw_uniform,0.7555912499999999,0.9243514982793081,0.6967767840558604
6,1.5,survey-biased,GAM,density_ratio,0.74997625,0.8913247873769923,0.7252285657453126
6,1.5,survey-biased,GAM,oracle_1/s,0.7677100000000001,0.961650289552104,0.903136154595488
6,3.0,representative,Random Forest,unweighted,0.7173556249999999,0.7826469331859862,1.0
6,3.0,representative,Random Forest,entropy,0.7190137499999999,0.782349155272055,0.9855532459520141
6,3.0,representative,Random Forest,ipw_uniform,0.713355,0.7796187729909785,0.5320871174401066
6,3.0,representative,Random Forest,density_ratio,0.71263375,0.7692478868913009,0.62778516647324
6,3.0,representative,Random Forest,oracle_1/s,0.7416474999999999,0.8464265671279387,0.643221500329849
6,3.0,representative,GAM,unweighted,0.7404150000000002,0.8881155614248035,1.0
6,3.0,representative,GAM,entropy,0.73926875,0.8878664054794984,0.9855532459520141
6,3.0,representative,GAM,ipw_uniform,0.72409625,0.8449326625631681,0.5320871174401066
6,3.0,representative,GAM,density_ratio,0.7216937500000001,0.810574173154479,0.62778516647324
6,3.0,representative,GAM,oracle_1/s,0.7689862500000001,0.9644334117444197,0.643221500329849
6,3.0,survey-biased,Random Forest,unweighted,0.7368925000000001,0.8316093902841469,1.0
6,3.0,survey-biased,Random Forest,entropy,0.7351093750000001,0.831173046792228,0.9855532459520141
6,3.0,survey-biased,Random Forest,ipw_uniform,0.7272462499999998,0.8072900850890488,0.5320871174401066
6,3.0,survey-biased,Random Forest,density_ratio,0.73359,0.8179878425117832,0.6768911862400612
6,3.0,survey-biased,Random Forest,oracle_1/s,0.7477075,0.8553635818146277,0.643221500329849
6,3.0,survey-biased,GAM,unweighted,0.7540687500000001,0.930535736749859,1.0
6,3.0,survey-biased,GAM,entropy,0.7521062500000001,0.9278910622011582,0.9855532459520141
6,3.0,survey-biased,GAM,ipw_uniform,0.7313262500000001,0.8650058296895184,0.5320871174401066
6,3.0,survey-biased,GAM,density_ratio,0.7285175,0.8313186739811368,0.6768911862400612
6,3.0,survey-biased,GAM,oracle_1/s,0.76041625,0.9310675995528135,0.643221500329849
6,4.5,representative,Random Forest,unweighted,0.6961731250000001,0.7016739018061029,1.0
6,4.5,representative,Random Forest,entropy,0.6973912499999999,0.7069241278945972,0.9839015243160699
6,4.5,representative,Random Forest,ipw_uniform,0.695999375,0.7045342390735237,0.5927727779580029
6,4.5,representative,Random Forest,density_ratio,0.6923431250000001,0.6985515218058631,0.6004122870942239
6,4.5,representative,Random Forest,oracle_1/s,0.72721875,0.7962518399448462,0.4175412676514705
6,4.5,representative,GAM,unweighted,0.7225687500000001,0.8244770331137572,1.0
6,4.5,representative,GAM,entropy,0.7220625,0.8251755805814243,0.9839015243160699
6,4.5,representative,GAM,ipw_uniform,0.7121925000000001,0.7976733163493863,0.5927727779580029
6,4.5,representative,GAM,density_ratio,0.7125662500000001,0.7850868941510953,0.6004122870942239
6,4.5,representative,GAM,oracle_1/s,0.756175,0.923909902523054,0.4175412676514705
6,4.5,survey-biased,Random Forest,unweighted,0.7179949999999999,0.7766158149340658,1.0
6,4.5,survey-biased,Random Forest,entropy,0.7203343750000001,0.7750908409189725,0.9839015243160699
6,4.5,survey-biased,Random Forest,ipw_uniform,0.7135425,0.7579398590310099,0.5927727779580029
6,4.5,survey-biased,Random Forest,density_ratio,0.70969125,0.765514013958517,0.7066796872205113
6,4.5,survey-biased,Random Forest,oracle_1/s,0.7344237500000002,0.8196132196193089,0.4175412676514705
6,4.5,survey-biased,GAM,unweighted,0.7389900000000001,0.8811035145748164,1.0
6,4.5,survey-biased,GAM,entropy,0.73823875,0.8802564610006544,0.9839015243160699
6,4.5,survey-biased,GAM,ipw_uniform,0.7235900000000001,0.8284706708178151,0.5927727779580029
6,4.5,survey-biased,GAM,density_ratio,0.72178,0.8161398382568563,0.7066796872205113
6,4.5,survey-biased,GAM,oracle_1/s,0.7417425,0.8657164982489045,0.4175412676514705
7,0.0,representative,Random Forest,unweighted,0.7635775,0.8572284859706748,1.0
7,0.0,representative,Random Forest,entropy,0.7618612499999999,0.8539120540195243,0.9902920930671175
7,0.0,representative,Random Forest,ipw_uniform,0.7589999999999999,0.8380932410022542,0.6679809780015602
7,0.0,representative,Random Forest,density_ratio,0.753515,0.8382009461152876,0.7737074194292478
7,0.0,representative,Random Forest,oracle_1/s,0.763578125,0.8572284499175469,1.0
7,0.0,representative,GAM,unweighted,0.7786050000000001,0.9745705252324424,1.0
7,0.0,representative,GAM,entropy,0.77772875,0.9689189799962075,0.9902920930671175
7,0.0,representative,GAM,ipw_uniform,0.7638999999999999,0.8951255390343811,0.6679809780015602
7,0.0,representative,GAM,density_ratio,0.7536999999999999,0.8979200413696793,0.7737074194292478
7,0.0,representative,GAM,oracle_1/s,0.7786050000000001,0.9745705252324424,1.0
7,0.0,survey-biased,Random Forest,unweighted,0.7600718750000001,0.8628136032813934,1.0
7,0.0,survey-biased,Random Forest,entropy,0.7594643750000001,0.8619936474167977,0.9902920930671175
7,0.0,survey-biased,Random Forest,ipw_uniform,0.7626375000000001,0.8437913956131835,0.6679809780015602
7,0.0,survey-biased,Random Forest,density_ratio,0.7577775,0.8473728352462503,0.7635742574123463
7,0.0,survey-biased,Random Forest,oracle_1/s,0.760073125,0.8628142063825728,1.0
7,0.0,survey-biased,GAM,unweighted,0.78021375,0.9760850865812922,1.0
7,0.0,survey-biased,GAM,entropy,0.77958625,0.9710676143174465,0.9902920930671175
7,0.0,survey-biased,GAM,ipw_uniform,0.767715,0.9041395323715535,0.6679809780015602
7,0.0,survey-biased,GAM,density_ratio,0.7561262499999999,0.9047629011208261,0.7635742574123463
7,0.0,survey-biased,GAM,oracle_1/s,0.78021375,0.9760850865812922,1.0
7,1.5,representative,Random Forest,unweighted,0.7565525000000001,0.8475352745801444,1.0
7,1.5,representative,Random Forest,entropy,0.75042125,0.8461577090565127,0.9861953126187148
7,1.5,representative,Random Forest,ipw_uniform,0.75205625,0.8403110309551727,0.5945522962612211
7,1.5,representative,Random Forest,density_ratio,0.7503825,0.849100692588041,0.6750678743811792
7,1.5,representative,Random Forest,oracle_1/s,0.7580324999999999,0.8618158509721056,0.9032226699018899
7,1.5,representative,GAM,unweighted,0.77371375,0.9408522087397162,1.0
7,1.5,representative,GAM,entropy,0.7744274999999999,0.9454338036217549,0.9861953126187148
7,1.5,representative,GAM,ipw_uniform,0.7626862499999999,0.8972850448605257,0.5945522962612211
7,1.5,representative,GAM,density_ratio,0.75199,0.8867112506396023,0.6750678743811792
7,1.5,representative,GAM,oracle_1/s,0.78031125,0.970710217907046,0.9032226699018899
7,1.5,survey-biased,Random Forest,unweighted,0.754504375,0.86238244381699,1.0
7,1.5,survey-biased,Random Forest,entropy,0.7548350000000001,0.8609596283975981,0.9861953126187148
7,1.5,survey-biased,Random Forest,ipw_uniform,0.7518124999999999,0.8461615694638208,0.5945522962612211
7,1.5,survey-biased,Random Forest,density_ratio,0.751615,0.8604083412607485,0.7066319769307259
7,1.5,survey-biased,Random Forest,oracle_1/s,0.7554850000000001,0.8616857443814029,0.9032226699018899
7,1.5,survey-biased,GAM,unweighted,0.77752,0.9591328632806743,1.0
7,1.5,survey-biased,GAM,entropy,0.7781425000000001,0.9628156611702928,0.9861953126187148
7,1.5,survey-biased,GAM,ipw_uniform,0.7642650000000001,0.9042625728823699,0.5945522962612211
7,1.5,survey-biased,GAM,density_ratio,0.7538687500000001,0.8985690142859016,0.7066319769307259
7,1.5,survey-biased,GAM,oracle_1/s,0.77646625,0.9639579680079988,0.9032226699018899
7,3.0,representative,Random Forest,unweighted,0.735804375,0.760920536155855,1.0
7,3.0,representative,Random Forest,entropy,0.7374225,0.7669461084499618,0.9862822522632827
7,3.0,representative,Random Forest,ipw_uniform,0.7368524999999999,0.777858858353844,0.6376983656621764
7,3.0,representative,Random Forest,density_ratio,0.73233125,0.7583833450697507,0.644180123498083
7,3.0,representative,Random Forest,oracle_1/s,0.7500437500000001,0.8349821850389332,0.676204684664116
7,3.0,representative,GAM,unweighted,0.7587287500000002,0.8859743132240133,1.0
7,3.0,representative,GAM,entropy,0.76131625,0.8923414215742901,0.9862822522632827
7,3.0,representative,GAM,ipw_uniform,0.7585687500000001,0.8733803027542432,0.6376983656621764
7,3.0,representative,GAM,density_ratio,0.73503875,0.8155532866262961,0.644180123498083
7,3.0,representative,GAM,oracle_1/s,0.7769324999999999,0.9634235668148414,0.676204684664116
7,3.0,survey-biased,Random Forest,unweighted,0.7521218749999999,0.8186183490669257,1.0
7,3.0,survey-biased,Random Forest,entropy,0.75119375,0.8183575501105872,0.9862822522632827
7,3.0,survey-biased,Random Forest,ipw_uniform,0.74828,0.8133534752921094,0.6376983656621764
7,3.0,survey-biased,Random Forest,density_ratio,0.74591125,0.8029854988972633,0.728931346406233
7,3.0,survey-biased,Random Forest,oracle_1/s,0.7529012500000001,0.8441892468836695,0.676204684664116
7,3.0,survey-biased,GAM,unweighted,0.7690587499999999,0.9268020102953969,1.0
7,3.0,survey-biased,GAM,entropy,0.77068875,0.9310621254441951,0.9862822522632827
7,3.0,survey-biased,GAM,ipw_uniform,0.7595675000000001,0.8788670223544629,0.6376983656621764
7,3.0,survey-biased,GAM,density_ratio,0.7446725,0.8466280340611273,0.728931346406233
7,3.0,survey-biased,GAM,oracle_1/s,0.76469875,0.9271020675441386,0.676204684664116
7,4.5,representative,Random Forest,unweighted,0.7190812499999999,0.6843196019733186,1.0
7,4.5,representative,Random Forest,entropy,0.715564375,0.6765141170735911,0.9887149518552737
7,4.5,representative,Random Forest,ipw_uniform,0.71351375,0.6748519446834711,0.6926890891665164
7,4.5,representative,Random Forest,density_ratio,0.705490625,0.6687981913028009,0.6544415855246897
7,4.5,representative,Random Forest,oracle_1/s,0.7433974999999999,0.793062220183747,0.3902888284726264
7,4.5,representative,GAM,unweighted,0.7387887500000001,0.8035994837605913,1.0
7,4.5,representative,GAM,entropy,0.7387237499999999,0.8014609911355645,0.9887149518552737
7,4.5,representative,GAM,ipw_uniform,0.7337325000000001,0.7726374467558915,0.6926890891665164
7,4.5,representative,GAM,density_ratio,0.71494125,0.7396165807535556,0.6544415855246897
7,4.5,representative,GAM,oracle_1/s,0.7763687499999999,0.9213913936748914,0.3902888284726264
7,4.5,survey-biased,Random Forest,unweighted,0.7452168749999999,0.7733235097414333,1.0
7,4.5,survey-biased,Random Forest,entropy,0.7418518749999998,0.7695448312499454,0.9887149518552737
7,4.5,survey-biased,Random Forest,ipw_uniform,0.73816,0.7614998412386181,0.6926890891665164
7,4.5,survey-biased,Random Forest,density_ratio,0.73240875,0.7493136855814941,0.7143130083658064
7,4.5,survey-biased,Random Forest,oracle_1/s,0.7563249999999999,0.8274302870000517,0.3902888284726264
7,4.5,survey-biased,GAM,unweighted,0.7580425000000002,0.8776938963604085,1.0
7,4.5,survey-biased,GAM,entropy,0.75814,0.8765077800795453,0.9887149518552737
7,4.5,survey-biased,GAM,ipw_uniform,0.75132125,0.8334126089687129,0.6926890891665164
7,4.5,survey-biased,GAM,density_ratio,0.7287125000000001,0.7943124454249926,0.7143130083658064
7,4.5,survey-biased,GAM,oracle_1/s,0.75592375,0.8645713988830963,0.3902888284726264
8,0.0,representative,Random Forest,unweighted,0.75346125,0.8579160703458115,1.0
8,0.0,representative,Random Forest,entropy,0.7507325,0.8572271030950623,0.9859093250586691
8,0.0,representative,Random Forest,ipw_uniform,0.7475737499999999,0.8446940502672763,0.5901788871682347
8,0.0,representative,Random Forest,density_ratio,0.742218125,0.8490242860660117,0.7113002196242845
8,0.0,representative,Random Forest,oracle_1/s,0.7534618750000001,0.8579166540401748,1.0
8,0.0,representative,GAM,unweighted,0.7768250000000001,0.9696290557784902,1.0
8,0.0,representative,GAM,entropy,0.7762425000000002,0.9702188517881791,0.9859093250586691
8,0.0,representative,GAM,ipw_uniform,0.7547875,0.8977358372206963,0.5901788871682347
8,0.0,representative,GAM,density_ratio,0.7578799999999999,0.9154266146923002,0.7113002196242845
8,0.0,representative,GAM,oracle_1/s,0.7768250000000001,0.9696290557784902,1.0
8,0.0,survey-biased,Random Forest,unweighted,0.75728125,0.8632060599011493,1.0
8,0.0,survey-biased,Random Forest,entropy,0.75614,0.8638253034888043,0.9859093250586691
8,0.0,survey-biased,Random Forest,ipw_uniform,0.7481775,0.8481406615086421,0.5901788871682347
8,0.0,survey-biased,Random Forest,density_ratio,0.74937125,0.8588839889811749,0.7121319972071083
8,0.0,survey-biased,Random Forest,oracle_1/s,0.75728125,0.863206287280069,1.0
8,0.0,survey-biased,GAM,unweighted,0.77813,0.97095940917444,1.0
8,0.0,survey-biased,GAM,entropy,0.7772412500000001,0.9716411384371505,0.9859093250586691
8,0.0,survey-biased,GAM,ipw_uniform,0.7552525000000001,0.8960660861921892,0.5901788871682347
8,0.0,survey-biased,GAM,density_ratio,0.757765,0.9122107416664412,0.7121319972071083
8,0.0,survey-biased,GAM,oracle_1/s,0.77813,0.97095940917444,1.0
8,1.5,representative,Random Forest,unweighted,0.74794125,0.8247155539043642,1.0
8,1.5,representative,Random Forest,entropy,0.7462099999999999,0.8276393400799428,0.9864482988556391
8,1.5,representative,Random Forest,ipw_uniform,0.738724375,0.8142482559046053,0.6356813502652192
8,1.5,representative,Random Forest,density_ratio,0.7454868750000001,0.8210477190200551,0.6922868278260402
8,1.5,representative,Random Forest,oracle_1/s,0.747274375,0.8378702799327461,0.9086058226866228
8,1.5,representative,GAM,unweighted,0.77078625,0.9340578888745242,1.0
8,1.5,representative,GAM,entropy,0.7709250000000001,0.9360635830353171,0.9864482988556391
8,1.5,representative,GAM,ipw_uniform,0.75575875,0.8796164245728649,0.6356813502652192
8,1.5,representative,GAM,density_ratio,0.74623625,0.8561418216392312,0.6922868278260402
8,1.5,representative,GAM,oracle_1/s,0.774665,0.9510536127764473,0.9086058226866228
8,1.5,survey-biased,Random Forest,unweighted,0.7503831249999999,0.8363126479019406,1.0
8,1.5,survey-biased,Random Forest,entropy,0.747038125,0.8365744072290202,0.9864482988556391
8,1.5,survey-biased,Random Forest,ipw_uniform,0.739935625,0.8210799235701955,0.6356813502652192
8,1.5,survey-biased,Random Forest,density_ratio,0.7385774999999999,0.8296152505757589,0.7151492703777949
8,1.5,survey-biased,Random Forest,oracle_1/s,0.74716125,0.8410895568202041,0.9086058226866228
8,1.5,survey-biased,GAM,unweighted,0.7763300000000001,0.9550736623458824,1.0
8,1.5,survey-biased,GAM,entropy,0.775995,0.9555688818329147,0.9864482988556391
8,1.5,survey-biased,GAM,ipw_uniform,0.7561700000000001,0.8842319934171866,0.6356813502652192
8,1.5,survey-biased,GAM,density_ratio,0.749205,0.8694162039166736,0.7151492703777949
8,1.5,survey-biased,GAM,oracle_1/s,0.77255,0.9458909547730107,0.9086058226866228
8,3.0,representative,Random Forest,unweighted,0.730849375,0.7808480510741523,1.0
8,3.0,representative,Random Forest,entropy,0.731739375,0.7831619975750742,0.9888164305973558
8,3.0,representative,Random Forest,ipw_uniform,0.7309012500000001,0.784290397947902,0.6552121512071678
8,3.0,representative,Random Forest,density_ratio,0.7280106250000001,0.7819508898944224,0.675531128884488
8,3.0,representative,Random Forest,oracle_1/s,0.74574875,0.8370542491010892,0.673005764493724
8,3.0,representative,GAM,unweighted,0.7570675,0.8850257472275221,1.0
8,3.0,representative,GAM,entropy,0.7588625,0.8929228323918378,0.9888164305973558
8,3.0,representative,GAM,ipw_uniform,0.7597325000000001,0.8894187078461032,0.6552121512071678
8,3.0,representative,GAM,density_ratio,0.7478525,0.8487542586002047,0.675531128884488
8,3.0,representative,GAM,oracle_1/s,0.77580625,0.962996301048821,0.673005764493724
8,3.0,survey-biased,Random Forest,unweighted,0.742378125,0.8424882579922179,1.0
8,3.0,survey-biased,Random Forest,entropy,0.7428512500000002,0.8379152307332944,0.9888164305973558
8,3.0,survey-biased,Random Forest,ipw_uniform,0.738713125,0.8344563013258199,0.6552121512071678
8,3.0,survey-biased,Random Forest,density_ratio,0.73282875,0.8298495604153252,0.7232300111949317
8,3.0,survey-biased,Random Forest,oracle_1/s,0.741744375,0.851700299458936,0.673005764493724
8,3.0,survey-biased,GAM,unweighted,0.77097,0.9386241585891236,1.0
8,3.0,survey-biased,GAM,entropy,0.7727537500000001,0.9452021101019616,0.9888164305973558
8,3.0,survey-biased,GAM,ipw_uniform,0.768615,0.9208875569567666,0.6552121512071678
8,3.0,survey-biased,GAM,density_ratio,0.7536974999999999,0.8780311849925642,0.7232300111949317
8,3.0,survey-biased,GAM,oracle_1/s,0.7606037499999999,0.923368830074181,0.673005764493724
8,4.5,representative,Random Forest,unweighted,0.71572875,0.741810607907103,1.0
8,4.5,representative,Random Forest,entropy,0.7199631249999998,0.7426599757880359,0.9884975056384745
8,4.5,representative,Random Forest,ipw_uniform,0.71735875,0.7380707887592256,0.6367476285014281
8,4.5,representative,Random Forest,density_ratio,0.71741375,0.7462433537091145,0.5987503400093854
8,4.5,representative,Random Forest,oracle_1/s,0.74631,0.8382276805431633,0.4329708683070826
8,4.5,representative,GAM,unweighted,0.74263,0.8296085408389067,1.0
8,4.5,representative,GAM,entropy,0.74308625,0.8324652499008207,0.9884975056384745
8,4.5,representative,GAM,ipw_uniform,0.73669625,0.8123139258605847,0.6367476285014281
8,4.5,representative,GAM,density_ratio,0.73535,0.7950884985215718,0.5987503400093854
8,4.5,representative,GAM,oracle_1/s,0.7724387500000001,0.9493543715172509,0.4329708683070826
8,4.5,survey-biased,Random Forest,unweighted,0.7373518749999999,0.8199970711864145,1.0
8,4.5,survey-biased,Random Forest,entropy,0.7451975,0.8222077022524609,0.9884975056384745
8,4.5,survey-biased,Random Forest,ipw_uniform,0.739759375,0.8132189637330115,0.6367476285014281
8,4.5,survey-biased,Random Forest,density_ratio,0.7399850000000001,0.8178687593404644,0.6552422135801576
8,4.5,survey-biased,Random Forest,oracle_1/s,0.748775,0.859046150238403,0.4329708683070826
8,4.5,survey-biased,GAM,unweighted,0.75849875,0.893161740493526,1.0
8,4.5,survey-biased,GAM,entropy,0.7591337499999999,0.8966064406969676,0.9884975056384745
8,4.5,survey-biased,GAM,ipw_uniform,0.7510312500000002,0.864490961973672,0.6367476285014281
8,4.5,survey-biased,GAM,density_ratio,0.7467625,0.8386338160511994,0.6552422135801576
8,4.5,survey-biased,GAM,oracle_1/s,0.7532437500000001,0.8961640101620182,0.4329708683070826
9,0.0,representative,Random Forest,unweighted,0.754431875,0.8524450707673052,1.0
9,0.0,representative,Random Forest,entropy,0.7562562500000001,0.851276225678698,0.9864736315688147
9,0.0,representative,Random Forest,ipw_uniform,0.74745,0.8327863928286464,0.6393655060523268
9,0.0,representative,Random Forest,density_ratio,0.7471625000000001,0.8445180390631215,0.6991277587582826
9,0.0,representative,Random Forest,oracle_1/s,0.754430625,0.8524455100336509,1.0
9,0.0,representative,GAM,unweighted,0.785475,0.9587865191518179,1.0
9,0.0,representative,GAM,entropy,0.7857075,0.9590884395048825,0.9864736315688147
9,0.0,representative,GAM,ipw_uniform,0.7711037500000001,0.8981035630777953,0.6393655060523268
9,0.0,representative,GAM,density_ratio,0.7705850000000001,0.9030496880736032,0.6991277587582826
9,0.0,representative,GAM,oracle_1/s,0.785475,0.9587865191518179,1.0
9,0.0,survey-biased,Random Forest,unweighted,0.75145375,0.8466704399886783,1.0
9,0.0,survey-biased,Random Forest,entropy,0.75157125,0.8472041159326995,0.9864736315688147
9,0.0,survey-biased,Random Forest,ipw_uniform,0.7467550000000001,0.832504248830196,0.6393655060523268
9,0.0,survey-biased,Random Forest,density_ratio,0.7423787500000001,0.8363521389776225,0.7049982417220575
9,0.0,survey-biased,Random Forest,oracle_1/s,0.751454375,0.8466689020516694,1.0
9,0.0,survey-biased,GAM,unweighted,0.7849,0.961734890120657,1.0
9,0.0,survey-biased,GAM,entropy,0.7851175000000001,0.9625310439310634,0.9864736315688147
9,0.0,survey-biased,GAM,ipw_uniform,0.7704587500000001,0.901360130500869,0.6393655060523268
9,0.0,survey-biased,GAM,density_ratio,0.7684812500000001,0.9040180069972023,0.7049982417220575
9,0.0,survey-biased,GAM,oracle_1/s,0.7849,0.961734890120657,1.0
9,1.5,representative,Random Forest,unweighted,0.75699125,0.823404980320031,1.0
9,1.5,representative,Random Forest,entropy,0.756185,0.8256290116031569,0.9879517712941032
9,1.5,representative,Random Forest,ipw_uniform,0.7549737500000001,0.8242965624016763,0.5904467591801857
9,1.5,representative,Random Forest,density_ratio,0.748615,0.8199681770177614,0.7070955673400923
9,1.5,representative,Random Forest,oracle_1/s,0.7594512499999999,0.8483286951234154,0.9034483169382567
9,1.5,representative,GAM,unweighted,0.777315,0.9438793056703464,1.0
9,1.5,representative,GAM,entropy,0.77677375,0.9453469668932807,0.9879517712941032
9,1.5,representative,GAM,ipw_uniform,0.7629174999999999,0.9033980821515746,0.5904467591801857
9,1.5,representative,GAM,density_ratio,0.7614862499999999,0.8842926066647563,0.7070955673400923
9,1.5,representative,GAM,oracle_1/s,0.7790337500000001,0.9633174533734702,0.9034483169382567
9,1.5,survey-biased,Random Forest,unweighted,0.757385625,0.8396410041628789,1.0
9,1.5,survey-biased,Random Forest,entropy,0.75856,0.8404707812216328,0.9879517712941032
9,1.5,survey-biased,Random Forest,ipw_uniform,0.7549425000000001,0.827460471965784,0.5904467591801857
9,1.5,survey-biased,Random Forest,density_ratio,0.7526337500000001,0.8350165526604301,0.73088546890414
9,1.5,survey-biased,Random Forest,oracle_1/s,0.75944375,0.8535499286476284,0.9034483169382567
9,1.5,survey-biased,GAM,unweighted,0.77934,0.9577005991379185,1.0
9,1.5,survey-biased,GAM,entropy,0.77835125,0.9563179021199116,0.9879517712941032
9,1.5,survey-biased,GAM,ipw_uniform,0.76142625,0.8980928621151795,0.5904467591801857
9,1.5,survey-biased,GAM,density_ratio,0.7645675,0.8960659868374937,0.73088546890414
9,1.5,survey-biased,GAM,oracle_1/s,0.7740200000000002,0.9490569646931317,0.9034483169382567
9,3.0,representative,Random Forest,unweighted,0.72738375,0.7731328287678371,1.0
9,3.0,representative,Random Forest,entropy,0.7287175,0.7786191078897307,0.9910060208467475
9,3.0,representative,Random Forest,ipw_uniform,0.728463125,0.7792086425229875,0.6814785262491241
9,3.0,representative,Random Forest,density_ratio,0.7232249999999999,0.7642668398704042,0.6852341203447524
9,3.0,representative,Random Forest,oracle_1/s,0.7407149999999999,0.8294323640122565,0.6358635148099512
9,3.0,representative,GAM,unweighted,0.7585937500000001,0.8796941972911092,1.0
9,3.0,representative,GAM,entropy,0.7584424999999999,0.8838566727676074,0.9910060208467475
9,3.0,representative,GAM,ipw_uniform,0.7524949999999999,0.8759472550318876,0.6814785262491241
9,3.0,representative,GAM,density_ratio,0.7424999999999999,0.8342064331515175,0.6852341203447524
9,3.0,representative,GAM,oracle_1/s,0.764885,0.9395274535325424,0.6358635148099512
9,3.0,survey-biased,Random Forest,unweighted,0.74105875,0.8380301610008165,1.0
9,3.0,survey-biased,Random Forest,entropy,0.7392099999999999,0.834565339392495,0.9910060208467475
9,3.0,survey-biased,Random Forest,ipw_uniform,0.7411012499999999,0.8251278897251385,0.6814785262491241
9,3.0,survey-biased,Random Forest,density_ratio,0.7370262500000001,0.8305473564073502,0.7358053485712258
9,3.0,survey-biased,Random Forest,oracle_1/s,0.7384762500000002,0.845969587736592,0.6358635148099512
9,3.0,survey-biased,GAM,unweighted,0.76914375,0.9278642330822874,1.0
9,3.0,survey-biased,GAM,entropy,0.7686974999999999,0.9309600016780236,0.9910060208467475
9,3.0,survey-biased,GAM,ipw_uniform,0.7590575,0.9054607541924576,0.6814785262491241
9,3.0,survey-biased,GAM,density_ratio,0.7538649999999999,0.8684508698001363,0.7358053485712258
9,3.0,survey-biased,GAM,oracle_1/s,0.7543775000000001,0.903451973424532,0.6358635148099512
9,4.5,representative,Random Forest,unweighted,0.719523125,0.6910345299230258,1.0
9,4.5,representative,Random Forest,entropy,0.718066875,0.6869435573550216,0.9880837755241315
9,4.5,representative,Random Forest,ipw_uniform,0.7157606249999999,0.6900614705806558,0.626940704728952
9,4.5,representative,Random Forest,density_ratio,0.7118712500000002,0.6933628094486319,0.6184913382991268
9,4.5,representative,Random Forest,oracle_1/s,0.74275625,0.800077108870133,0.4260476282634085
9,4.5,representative,GAM,unweighted,0.75215875,0.8230744909689341,1.0
9,4.5,representative,GAM,entropy,0.7526900000000001,0.8259020526961273,0.9880837755241315
9,4.5,representative,GAM,ipw_uniform,0.744285,0.8017586203982728,0.626940704728952
9,4.5,representative,GAM,density_ratio,0.7394787500000002,0.7885621929742549,0.6184913382991268
9,4.5,representative,GAM,oracle_1/s,0.76794125,0.9174648564369803,0.4260476282634085
9,4.5,survey-biased,Random Forest,unweighted,0.735375625,0.7863308449012344,1.0
9,4.5,survey-biased,Random Forest,entropy,0.733663125,0.7831319051169912,0.9880837755241315
9,4.5,survey-biased,Random Forest,ipw_uniform,0.73586125,0.7789321289249567,0.626940704728952
9,4.5,survey-biased,Random Forest,density_ratio,0.7241825000000001,0.7710488495595591,0.739167269787012
9,4.5,survey-biased,Random Forest,oracle_1/s,0.745125,0.814352388432888,0.4260476282634085
9,4.5,survey-biased,GAM,unweighted,0.7659600000000001,0.8924574674964251,1.0
9,4.5,survey-biased,GAM,entropy,0.7659812500000001,0.8941188069770786,0.9880837755241315
9,4.5,survey-biased,GAM,ipw_uniform,0.749735,0.8348265099726957,0.626940704728952
9,4.5,survey-biased,GAM,density_ratio,0.7529375,0.8332336324888527,0.739167269787012
9,4.5,survey-biased,GAM,oracle_1/s,0.7382424999999999,0.8161382087311658,0.4260476282634085
