tag,scheme,n_splits,rep,fold,model,weighting,scaler,K,AUC,Brier,TSS_testcut,Kappa_testcut,TSS,Kappa,ESS_pres,n_pres,w_min,w_max,w_sd
E3_z,stratified,10,0,0,Random Forest,unweighted,z,100,0.9248184458968773,0.0586974521519232,0.7057007988380537,0.5919710030154428,0.6991285403050109,0.56910617167179,1457.0,1457,1.0,1.0,0.0
E3_z,stratified,10,0,0,Random Forest,entropy,z,100,0.9215928346647301,0.05914891965040901,0.7170660856935367,0.5976002784040186,0.6954974582425564,0.5532879818594105,1432.6155483473287,1457,0.8097095607869946,1.6518498693229913,0.13046429348993463
E3_z,stratified,10,0,0,Random Forest,density_ratio,z,100,0.9259501331396756,0.06090254595820533,0.7011619462599854,0.5172021266622919,0.6860929557007989,0.5515017074808091,601.875882277139,1457,0.06107734227625236,8.65465940054496,1.1919584235325025
E3_z,stratified,10,0,0,MaxEnt,unweighted,z,100,0.8600096828854998,0.07657413595665749,0.5844589687726942,0.4352858456379469,0.5752360203340596,0.40941748074636897,1457.0,1457,1.0,1.0,0.0
E3_z,stratified,10,0,0,MaxEnt,entropy,z,100,0.8600823045267489,0.07680333548466853,0.5837690631808279,0.42814913448735015,0.5546477850399418,0.38001766366881873,1432.6155483473287,1457,0.8097095607869946,1.6518498693229913,0.13046429348993463
E3_z,stratified,10,0,0,MaxEnt,density_ratio,z,100,0.8393548777535705,0.08876540932106329,0.534241103848947,0.33613963742703423,0.5226942628903415,0.3470138010004219,601.875882277139,1457,0.06107734227625236,8.65465940054496,1.1919584235325025
E3_z,stratified,10,0,0,GAM,unweighted,z,100,0.8425562817719681,0.08299404503620723,0.5405591866376178,0.40181378965977954,0.5317356572258531,0.38850714986867585,1457.0,1457,1.0,1.0,0.0
E3_z,stratified,10,0,0,GAM,entropy,z,100,0.8424776083272816,0.08315538188409598,0.5392883079157591,0.4055651888969294,0.5373275236020334,0.4025188026167259,1432.6155483473287,1457,0.8097095607869946,1.6518498693229913,0.13046429348993463
E3_z,stratified,10,0,0,GAM,density_ratio,z,100,0.8258775114984265,0.09606081295571023,0.4999636891793755,0.3353916231259211,0.4887799564270152,0.31368482376929807,601.875882277139,1457,0.06107734227625236,8.65465940054496,1.1919584235325025
E3_z,stratified,10,0,0,Bayesian,unweighted,z,100,0.7583333333333333,0.10306892593659658,0.40762527233115486,0.35507899606205817,0.3745824255628176,0.2121215236724412,1457.0,1457,1.0,1.0,0.0
E3_z,stratified,10,0,0,Bayesian,entropy,z,100,0.7572137496974098,0.10332806345116714,0.4163035584604211,0.3035919977756889,0.3782135076252724,0.217698449191155,1432.6155483473287,1457,0.8097095607869946,1.6518498693229913,0.13046429348993463
E3_z,stratified,10,0,0,Bayesian,density_ratio,z,100,0.7349128540305012,0.11224521955292566,0.3813725490196078,0.23609940317631584,0.3643064633260713,0.2145018012336044,601.875882277139,1457,0.06107734227625236,8.65465940054496,1.1919584235325025
E3_z,stratified,10,0,1,Random Forest,unweighted,z,100,0.9403776325344952,0.05485464740017885,0.7881263616557734,0.7123049406822769,0.7602759622367465,0.6241578727717165,1457.0,1457,1.0,1.0,0.0
E3_z,stratified,10,0,1,Random Forest,entropy,z,100,0.9377329944323408,0.055472305133125996,0.7840958605664488,0.6679141986668935,0.7659767610748003,0.6795303364633498,1430.0635786138316,1457,0.7672368874099219,1.6573166153352996,0.13724365508354341
E3_z,stratified,10,0,1,Random Forest,density_ratio,z,100,0.9399055918663761,0.056244435063004125,0.7809731299927378,0.7058398831695191,0.7576252723311545,0.6090014885730131,625.9850228473258,1457,0.07016792345225271,7.781253405994551,1.1521856295393251
E3_z,stratified,10,0,1,MaxEnt,unweighted,z,100,0.8805797627693053,0.07867739497569734,0.6399419026870006,0.5187343635025754,0.6137254901960785,0.40604917658646744,1457.0,1457,1.0,1.0,0.0
E3_z,stratified,10,0,1,MaxEnt,entropy,z,100,0.8800229968530622,0.07903554336121721,0.6392519970951343,0.509595623353692,0.5966594045025417,0.37419016931012106,1430.0635786138316,1457,0.7672368874099219,1.6573166153352996,0.13724365508354341
E3_z,stratified,10,0,1,MaxEnt,density_ratio,z,100,0.8519486807068506,0.09023547800262108,0.5892156862745099,0.3737820468523253,0.5757806826434277,0.3530485700608934,625.9850228473258,1457,0.07016792345225271,7.781253405994551,1.1521856295393251
E3_z,stratified,10,0,1,GAM,unweighted,z,100,0.8660675381263617,0.08257616100022037,0.5973129992737838,0.4771504401676553,0.5676833696441539,0.39314498384318464,1457.0,1457,1.0,1.0,0.0
E3_z,stratified,10,0,1,GAM,entropy,z,100,0.865559186637618,0.08300146674751216,0.601525054466231,0.47754396079561834,0.5748366013071897,0.39809890234242395,1430.0635786138316,1457,0.7672368874099219,1.6573166153352996,0.13724365508354341
E3_z,stratified,10,0,1,GAM,density_ratio,z,100,0.8356753812636164,0.09535676351907332,0.5616920842411037,0.3703508624920695,0.5475671750181554,0.3439624104739747,625.9850228473258,1457,0.07016792345225271,7.781253405994551,1.1521856295393251
E3_z,stratified,10,0,1,Bayesian,unweighted,z,100,0.7865044783345436,0.10048092346501565,0.45918663761801026,0.29420249395123765,0.44749455337690636,0.2595154616380807,1457.0,1457,1.0,1.0,0.0
E3_z,stratified,10,0,1,Bayesian,entropy,z,100,0.7866739288307916,0.10104983305699754,0.46859114015976777,0.297751577587301,0.44259259259259265,0.254754838439995,1430.0635786138316,1457,0.7672368874099219,1.6573166153352996,0.13724365508354341
E3_z,stratified,10,0,1,Bayesian,density_ratio,z,100,0.7896030016945049,0.11049372238395448,0.47766884531590414,0.2716964765169978,0.4766884531590414,0.27073902597469546,625.9850228473258,1457,0.07016792345225271,7.781253405994551,1.1521856295393251
E3_z,stratified,10,0,2,Random Forest,unweighted,z,100,0.9241769547325103,0.05728523357372689,0.7421205519244736,0.5453259868991556,0.7137254901960786,0.5725187504551081,1457.0,1457,1.0,1.0,0.0
E3_z,stratified,10,0,2,Random Forest,entropy,z,100,0.9229454127329946,0.056787901362881504,0.7457516339869281,0.5597405428976344,0.7124546114742194,0.5787308095034436,1429.2741462987306,1457,0.7727135160361442,1.6592062451645837,0.13927869684469546
E3_z,stratified,10,0,2,Random Forest,density_ratio,z,100,0.9230755265068992,0.057611781092575434,0.7449891067538128,0.6103071317022384,0.7234204793028323,0.5661471135675822,623.2553557657536,1457,0.0866187763190488,7.509022966134682,1.1566008815406363
E3_z,stratified,10,0,2,MaxEnt,unweighted,z,100,0.8663217138707335,0.07862071047164776,0.6021786492374728,0.4215824594852241,0.5621278140885984,0.4363733739235832,1457.0,1457,1.0,1.0,0.0
E3_z,stratified,10,0,2,MaxEnt,entropy,z,100,0.8668845315904139,0.0785947123332279,0.6031590413943355,0.4230377425762746,0.5469498910675381,0.44335540838852094,1429.2741462987306,1457,0.7727135160361442,1.6592062451645837,0.13927869684469546
E3_z,stratified,10,0,2,MaxEnt,density_ratio,z,100,0.8400689905591866,0.09056657925597582,0.5404865649963688,0.44561865700685566,0.517211328976035,0.3487842503489311,623.2553557657536,1457,0.0866187763190488,7.509022966134682,1.1566008815406363
E3_z,stratified,10,0,2,GAM,unweighted,z,100,0.8541152263374486,0.08261528736362336,0.5675018155410312,0.4146393229512111,0.566412490922295,0.3965427391166191,1457.0,1457,1.0,1.0,0.0
E3_z,stratified,10,0,2,GAM,entropy,z,100,0.8552650689905592,0.08249966902987901,0.564161220043573,0.39858902001026164,0.5522149600580972,0.4027062452832687,1429.2741462987306,1457,0.7727135160361442,1.6592062451645837,0.13927869684469546
E3_z,stratified,10,0,2,GAM,density_ratio,z,100,0.8219862018881626,0.09654918257968166,0.48231663035584615,0.3137185437111041,0.46626724763979666,0.32643152208452497,623.2553557657536,1457,0.0866187763190488,7.509022966134682,1.1566008815406363
E3_z,stratified,10,0,2,Bayesian,unweighted,z,100,0.7847918179617526,0.10170160259140937,0.4713144517066086,0.28050915220538974,0.47033405954974583,0.27949379106474337,1457.0,1457,1.0,1.0,0.0
E3_z,stratified,10,0,2,Bayesian,entropy,z,100,0.7862442507867344,0.10205915757763998,0.4780682643427743,0.2780834503807119,0.4721132897603484,0.2946428571428571,1429.2741462987306,1457,0.7727135160361442,1.6592062451645837,0.13927869684469546
E3_z,stratified,10,0,2,Bayesian,density_ratio,z,100,0.7533708545146454,0.11207429893119572,0.40748002904865643,0.21377884880985265,0.39865649963689176,0.20661685830965248,623.2553557657536,1457,0.0866187763190488,7.509022966134682,1.1566008815406363
E3_z,stratified,10,0,3,Random Forest,unweighted,z,100,0.9386679980634229,0.05524500013147559,0.7515613652868556,0.634586788895191,0.7368554829339145,0.6023627890409333,1457.0,1457,1.0,1.0,0.0
E3_z,stratified,10,0,3,Random Forest,entropy,z,100,0.9319535221496006,0.05588268983529107,0.7485112563543934,0.5991745145913265,0.7442992011619463,0.5995407946884277,1432.5986118813723,1457,0.7723703225752143,1.6484496586810338,0.13051036472145788
E3_z,stratified,10,0,3,Random Forest,density_ratio,z,100,0.9334362139917696,0.056415275545403855,0.7495279593318809,0.7090303300930856,0.7418663761801016,0.643323834563975,577.6931939769938,1457,0.09925068119891008,10.276699104710003,1.2337341659204981
E3_z,stratified,10,0,3,MaxEnt,unweighted,z,100,0.8704550956184944,0.07605961837748082,0.6135802469135803,0.4921867035607661,0.5867102396514161,0.4327784548218184,1457.0,1457,1.0,1.0,0.0
E3_z,stratified,10,0,3,MaxEnt,entropy,z,100,0.8706669087388043,0.07625448116029587,0.613616557734205,0.5804623364132862,0.585039941902687,0.42423444535137833,1432.5986118813723,1457,0.7723703225752143,1.6484496586810338,0.13051036472145788
E3_z,stratified,10,0,3,MaxEnt,density_ratio,z,100,0.8464839022028564,0.08809592923873028,0.5563543936092956,0.44628267676399913,0.5460421205519244,0.3989600191016899,577.6931939769938,1457,0.09925068119891008,10.276699104710003,1.2337341659204981
E3_z,stratified,10,0,3,GAM,unweighted,z,100,0.8524812394093441,0.08248413154691271,0.577596223674655,0.4244300065370813,0.5690631808278868,0.40577383649427157,1457.0,1457,1.0,1.0,0.0
E3_z,stratified,10,0,3,GAM,entropy,z,100,0.8522754780924716,0.08253328006816223,0.5829702251270881,0.40445899987403955,0.5640885984023238,0.439667737416333,1432.5986118813723,1457,0.7723703225752143,1.6484496586810338,0.13051036472145788
E3_z,stratified,10,0,3,GAM,density_ratio,z,100,0.8273359961268457,0.0950148696366255,0.49862018881626735,0.37135594137054473,0.4670297748729122,0.303263227388475,577.6931939769938,1457,0.09925068119891008,10.276699104710003,1.2337341659204981
E3_z,stratified,10,0,3,Bayesian,unweighted,z,100,0.7711450012103608,0.10324528195826548,0.44284676833696457,0.22768173841615957,0.42222222222222205,0.2516801402551865,1457.0,1457,1.0,1.0,0.0
E3_z,stratified,10,0,3,Bayesian,entropy,z,100,0.7727003146937786,0.10332960155678615,0.4538489469862017,0.2518258837277242,0.4298838053740015,0.2718110019285518,1432.5986118813723,1457,0.7723703225752143,1.6484496586810338,0.13051036472145788
E3_z,stratified,10,0,3,Bayesian,density_ratio,z,100,0.7449770031469378,0.11240442902720421,0.43311546840958615,0.2720678801149583,0.39604212055192445,0.22427389091656813,577.6931939769938,1457,0.09925068119891008,10.276699104710003,1.2337341659204981
E3_z,stratified,10,0,4,Random Forest,unweighted,z,100,0.9273373799052569,0.061186239733695046,0.763245253758829,0.6618792337655857,0.7541586401579861,0.5842915473787957,1457.0,1457,1.0,1.0,0.0
E3_z,stratified,10,0,4,Random Forest,entropy,z,100,0.9304995214383504,0.060733519995733024,0.7604586922545704,0.6151520422989002,0.7453264517379663,0.5671828937451164,1437.2623301997478,1457,0.8192160622854765,1.6364186554500812,0.11718712995859447
E3_z,stratified,10,0,4,Random Forest,density_ratio,z,100,0.9261682356219485,0.06230504510806876,0.7635602563636583,0.5856862403438462,0.7420673863264637,0.6335314104851597,662.6665617591411,1457,0.07103485064011379,8.494932432432433,1.094848163443249
E3_z,stratified,10,0,4,MaxEnt,unweighted,z,100,0.8666085123396213,0.08011269750211308,0.5730260846387769,0.5003014692660017,0.5660899695901331,0.3811017199718605,1457.0,1457,1.0,1.0,0.0
E3_z,stratified,10,0,4,MaxEnt,entropy,z,100,0.8652879244962987,0.07992028711078131,0.5642544736427628,0.39362315778352974,0.5311125649692872,0.41651029221041425,1437.2623301997478,1457,0.8192160622854765,1.6364186554500812,0.11718712995859447
E3_z,stratified,10,0,4,MaxEnt,density_ratio,z,100,0.8369134590920655,0.09038855430863378,0.5506427264686997,0.3897740014879326,0.5349410581664427,0.3678454421814047,662.6665617591411,1457,0.07103485064011379,8.494932432432433,1.094848163443249
E3_z,stratified,10,0,4,GAM,unweighted,z,100,0.8575158409963775,0.08476587143830373,0.5712814548274148,0.3832572353996614,0.5644119749451773,0.37408858767224495,1457.0,1457,1.0,1.0,0.0
E3_z,stratified,10,0,4,GAM,entropy,z,100,0.855959001199433,0.08460814955849773,0.559062988405481,0.39141913771495107,0.5405747585989653,0.3481081418459636,1437.2623301997478,1457,0.8192160622854765,1.6364186554500812,0.11718712995859447
E3_z,stratified,10,0,4,GAM,density_ratio,z,100,0.8112225735712814,0.09843341169146128,0.4868244102787773,0.33595796136006884,0.4744120961000253,0.26867545726974407,662.6665617591411,1457,0.07103485064011379,8.494932432432433,1.094848163443249
E3_z,stratified,10,0,4,Bayesian,unweighted,z,100,0.8039896291450102,0.10015268502873599,0.4957171761228025,0.2932426476121537,0.47665951853063415,0.26797853065783916,1457.0,1457,1.0,1.0,0.0
E3_z,stratified,10,0,4,Bayesian,entropy,z,100,0.805376852154739,0.10013178411142555,0.5080628551351483,0.29962560196630417,0.49346975369219415,0.2941717088003063,1437.2623301997478,1457,0.8192160622854765,1.6364186554500812,0.11718712995859447
E3_z,stratified,10,0,4,Bayesian,density_ratio,z,100,0.786616023940198,0.11057193117404507,0.4765020172282193,0.279728237580525,0.44721889046390206,0.24088122342837948,662.6665617591411,1457,0.07103485064011379,8.494932432432433,1.094848163443249
E3_z,stratified,10,0,5,Random Forest,unweighted,z,100,0.9358606234628479,0.05616214375411225,0.7918620288590847,0.6866954367919647,0.7566907764814208,0.5724387293091122,1457.0,1457,1.0,1.0,0.0
E3_z,stratified,10,0,5,Random Forest,entropy,z,100,0.9357455263572373,0.056209894548710025,0.7842959086007828,0.657919476388176,0.7757484340735896,0.6288406672461121,1429.5442922037676,1457,0.8137531619923485,1.6600990273496867,0.13858541099706426
E3_z,stratified,10,0,5,Random Forest,density_ratio,z,100,0.9321108809168999,0.05846167846886244,0.759192624092853,0.6219637172116199,0.7411163207695757,0.5673410900524483,605.9749466558752,1457,0.06514206514206514,7.542229729729731,1.1850695471966377
E3_z,stratified,10,0,5,MaxEnt,unweighted,z,100,0.8806261282545221,0.07799953390573254,0.6194950265934891,0.47423727398778526,0.6091423448309286,0.42648140961614733,1457.0,1457,1.0,1.0,0.0
E3_z,stratified,10,0,5,MaxEnt,entropy,z,100,0.8792631362143957,0.0785748032703046,0.6204763808623803,0.47593425103095777,0.5848932020014781,0.38699760513843096,1429.5442922037676,1457,0.8137531619923485,1.6600990273496867,0.13858541099706426
E3_z,stratified,10,0,5,MaxEnt,density_ratio,z,100,0.8528877258023481,0.08859142025300369,0.576854577835932,0.43553687445830025,0.5394661917396624,0.33453291460684276,605.9749466558752,1457,0.06514206514206514,7.542229729729731,1.1850695471966377
E3_z,stratified,10,0,5,GAM,unweighted,z,100,0.8558196731242201,0.08439655953227054,0.5637153345691126,0.36855425122380114,0.5470020232859618,0.3795261492163431,1457.0,1457,1.0,1.0,0.0
E3_z,stratified,10,0,5,GAM,entropy,z,100,0.8547595682041217,0.08491337832468529,0.5676407516446771,0.37365717885938965,0.5387089739395923,0.39362177713843083,1429.5442922037676,1457,0.8137531619923485,1.6600990273496867,0.13858541099706426
E3_z,stratified,10,0,5,GAM,density_ratio,z,100,0.8275603048255975,0.09717414963772894,0.5267752214104848,0.3977259473885213,0.5092986345848629,0.3225755706768316,605.9749466558752,1457,0.06514206514206514,7.542229729729731,1.1850695471966377
E3_z,stratified,10,0,5,Bayesian,unweighted,z,100,0.7755000666351664,0.10129473304129699,0.42794315414531314,0.26666314357056986,0.4018888040804953,0.22726899018203994,1457.0,1457,1.0,1.0,0.0
E3_z,stratified,10,0,5,Bayesian,entropy,z,100,0.7744339039726674,0.10213523873798865,0.4281975793261368,0.2872661436330718,0.4032820848326244,0.23354194584961652,1429.5442922037676,1457,0.8137531619923485,1.6600990273496867,0.13858541099706426
E3_z,stratified,10,0,5,Bayesian,density_ratio,z,100,0.7537648869019494,0.11208952475519036,0.37837264808151305,0.27490366862446947,0.34088733810683447,0.18386594544435708,605.9749466558752,1457,0.06514206514206514,7.542229729729731,1.1850695471966377
E3_z,stratified,10,0,6,Random Forest,unweighted,z,100,0.9257017894571051,0.06307715168414862,0.7360823368347085,0.5347948268235843,0.7221555870558161,0.5992675797204537,1457.0,1457,1.0,1.0,0.0
E3_z,stratified,10,0,6,Random Forest,entropy,z,100,0.9277008444492907,0.06251401430474356,0.7349434812634028,0.5637358424812685,0.7165521753352961,0.5784205378973104,1432.409262202393,1457,0.7642026191492581,1.6507622599773881,0.13102441196240366
E3_z,stratified,10,0,6,Random Forest,density_ratio,z,100,0.9163607506754383,0.06426313559913488,0.7143047529046875,0.5827112906613297,0.703921782430124,0.5791465958279236,616.5418067138586,1457,0.052927927927927935,8.038429054054054,1.1675535059387592
E3_z,stratified,10,0,6,MaxEnt,unweighted,z,100,0.8570857412859375,0.08464278688838157,0.5596324161911339,0.3820960834148469,0.5395631156180714,0.37914470029605385,1457.0,1457,1.0,1.0,0.0
E3_z,stratified,10,0,6,MaxEnt,entropy,z,100,0.8567707386811083,0.08455834365133182,0.5606440591720276,0.3516277267295962,0.5319364179357637,0.44428872113497,1432.409262202393,1457,0.7642026191492581,1.6507622599773881,0.13102441196240366
E3_z,stratified,10,0,6,MaxEnt,density_ratio,z,100,0.8135184579410946,0.09462471779688489,0.5335477774143134,0.3567004088343866,0.5227225917445086,0.3755306671772968,616.5418067138586,1457,0.052927927927927935,8.038429054054054,1.1675535059387592
E3_z,stratified,10,0,6,GAM,unweighted,z,100,0.844764293243194,0.08894724146825984,0.5256969432631848,0.3466393981214262,0.5129090490555979,0.3617348061341542,1457.0,1457,1.0,1.0,0.0
E3_z,stratified,10,0,6,GAM,entropy,z,100,0.8451519887568302,0.08878152186137789,0.53566798725451,0.34208927970412906,0.5065787082470106,0.3780318835141935,1432.409262202393,1457,0.7642026191492581,1.6507622599773881,0.13102441196240366
E3_z,stratified,10,0,6,GAM,density_ratio,z,100,0.7987496819685241,0.10005618655167818,0.4824567780079718,0.3531895173539279,0.4363634160820946,0.26929655182726797,616.5418067138586,1457,0.052927927927927935,8.038429054054054,1.1675535059387592
E3_z,stratified,10,0,6,Bayesian,unweighted,z,100,0.7598105138177104,0.10288592676613645,0.43440070754431237,0.2672291235399008,0.4171785458995143,0.23626218113765518,1457.0,1457,1.0,1.0,0.0
E3_z,stratified,10,0,6,Bayesian,entropy,z,100,0.76099177358582,0.10309726233424739,0.44142768872896454,0.26233603997501564,0.43652091738450904,0.25743437316909357,1432.409262202393,1457,0.7642026191492581,1.6507622599773881,0.13102441196240366
E3_z,stratified,10,0,6,Bayesian,density_ratio,z,100,0.741013339148766,0.11246548375858756,0.40470565429675665,0.22265214268693623,0.3878348417111912,0.23446495275763557,616.5418067138586,1457,0.052927927927927935,8.038429054054054,1.1675535059387592
E3_z,stratified,10,0,7,Random Forest,unweighted,z,100,0.9290426343910152,0.05612059368355225,0.7445995226498989,0.6192260996166266,0.7367486884987704,0.6022958564644009,1457.0,1457,1.0,1.0,0.0
E3_z,stratified,10,0,7,Random Forest,entropy,z,100,0.9278886344637081,0.056254813813895244,0.7502029343704186,0.64189954413636,0.7445995226498989,0.6192260996166266,1432.053882755063,1457,0.8055207036064546,1.654470319982312,0.1319841561328381
E3_z,stratified,10,0,7,Random Forest,density_ratio,z,100,0.9191927452477011,0.05942714956274576,0.7299761324949419,0.6939498295402193,0.7152861071735785,0.5847500854260657,593.0062428648885,1457,0.06805019305019305,9.130067567567567,1.2070511371288872
E3_z,stratified,10,0,7,MaxEnt,unweighted,z,100,0.8767007111789579,0.07383028109574415,0.6060710694338434,0.4058898224290345,0.6011642980893881,0.3991344759698433,1457.0,1457,1.0,1.0,0.0
E3_z,stratified,10,0,7,MaxEnt,entropy,z,100,0.8793540023504042,0.07364793531065417,0.6112019772471196,0.49545528203768363,0.5972388810138236,0.3938134487985795,1432.053882755063,1457,0.8055207036064546,1.654470319982312,0.1319841561328381
E3_z,stratified,10,0,7,MaxEnt,density_ratio,z,100,0.8488048074243691,0.0886589199735123,0.5659324682877185,0.4013343013390268,0.5635578332666982,0.3875234050706995,593.0062428648885,1457,0.06805019305019305,9.130067567567567,1.2070511371288872
E3_z,stratified,10,0,7,GAM,unweighted,z,100,0.8662450477955875,0.07915191690622367,0.5697609614848738,0.3585130409094808,0.5524782224160698,0.37721146747346235,1457.0,1457,1.0,1.0,0.0
E3_z,stratified,10,0,7,GAM,entropy,z,100,0.8698857509783254,0.07897093993032318,0.5789747876761289,0.4151687589592111,0.5576697076533517,0.3794111768015116,1432.053882755063,1457,0.8055207036064546,1.654470319982312,0.1319841561328381
E3_z,stratified,10,0,7,GAM,density_ratio,z,100,0.8364651861544239,0.09522466391119101,0.5604562691576103,0.40414634519241066,0.5164528283599268,0.3271068377626053,593.0062428648885,1457,0.06805019305019305,9.130067567567567,1.2070511371288872
E3_z,stratified,10,0,7,Bayesian,unweighted,z,100,0.7827572420310398,0.1005689243744997,0.4452258932141171,0.25744474782520377,0.4181296114564024,0.25640082688375154,1457.0,1457,1.0,1.0,0.0
E3_z,stratified,10,0,7,Bayesian,entropy,z,100,0.7877003598298986,0.10058230894024578,0.4529495147748337,0.25652047872021067,0.43341935327542114,0.2662003534554924,1432.053882755063,1457,0.8055207036064546,1.654470319982312,0.1319841561328381
E3_z,stratified,10,0,7,Bayesian,density_ratio,z,100,0.7666012430487406,0.11187847547215996,0.42569573171470454,0.26742548786799414,0.4136650553071881,0.23812296876961492,593.0062428648885,1457,0.06805019305019305,9.130067567567567,1.2070511371288872
E3_z,stratified,10,0,8,Random Forest,unweighted,z,100,0.9482850531264009,0.05758832272162872,0.741843249857643,0.5231931950962654,0.7273470722930977,0.6009865531454828,1457.0,1457,1.0,1.0,0.0
E3_z,stratified,10,0,8,Random Forest,entropy,z,100,0.9497146803329334,0.05763459073338918,0.7471922363973396,0.49866585809581565,0.725669077648142,0.5882451152261556,1434.46834318464,1457,0.8066340754856002,1.6455757183937674,0.12532885722464626
E3_z,stratified,10,0,8,Random Forest,density_ratio,z,100,0.9424877936490629,0.059669636793060345,0.7192418129611458,0.5346593506057815,0.6889167545039316,0.5572801689603889,632.7167376877271,1457,0.09294660514172709,8.574324324324323,1.1413887272192702
E3_z,stratified,10,0,8,MaxEnt,unweighted,z,100,0.8871200281079247,0.07605257979020881,0.6187317510510182,0.3752309856981737,0.5834696325373461,0.4107464977931299,1457.0,1457,1.0,1.0,0.0
E3_z,stratified,10,0,8,MaxEnt,entropy,z,100,0.8853208786149579,0.0768133457639942,0.6128436254376719,0.3681825791377641,0.5822035643756285,0.4143986823269692,1434.46834318464,1457,0.8066340754856002,1.6455757183937674,0.12532885722464626
E3_z,stratified,10,0,8,MaxEnt,density_ratio,z,100,0.8465331540241582,0.08916398041955372,0.5368431892802192,0.45330086981429807,0.5140479046269038,0.34486079869302555,632.7167376877271,1457,0.09294660514172709,8.574324324324323,1.1413887272192702
E3_z,stratified,10,0,8,GAM,unweighted,z,100,0.8752468530028229,0.08183277110756904,0.5987593743563648,0.42228170199494597,0.5941373169047359,0.41001469429389015,1457.0,1457,1.0,1.0,0.0
E3_z,stratified,10,0,8,GAM,entropy,z,100,0.8733386641466457,0.08284925874865395,0.5955305976568652,0.42310282867625704,0.5823610656780431,0.3934307480443051,1434.46834318464,1457,0.8066340754856002,1.6455757183937674,0.12532885722464626
E3_z,stratified,10,0,8,GAM,density_ratio,z,100,0.8325458268212602,0.09677349161246603,0.5302220768364045,0.3165707010792511,0.5156592641054532,0.2882217903312093,632.7167376877271,1457,0.09294660514172709,8.574324324324323,1.1413887272192702
E3_z,stratified,10,0,8,Bayesian,unweighted,z,100,0.7926798240831607,0.10073730356633,0.504137438059584,0.2955011895039591,0.4785919383564132,0.2916201426633569,1457.0,1457,1.0,1.0,0.0
E3_z,stratified,10,0,8,Bayesian,entropy,z,100,0.7885484437659773,0.10151433030496598,0.48479506657458904,0.2729506701068726,0.4635869104302208,0.2789475314885792,1434.46834318464,1457,0.8066340754856002,1.6455757183937674,0.12532885722464626
E3_z,stratified,10,0,8,Bayesian,density_ratio,z,100,0.7953270575122063,0.11132471741331057,0.4678636765650177,0.3471237814442443,0.45067180363222237,0.2781268049773916,632.7167376877271,1457,0.09294660514172709,8.574324324324323,1.1413887272192702
E3_z,stratified,10,0,9,Random Forest,unweighted,z,100,0.9275727682377299,0.0611261373773592,0.7424430641821946,0.5696265218975716,0.7241322616002923,0.5763967990073239,1458.0,1458,1.0,1.0,0.0
E3_z,stratified,10,0,9,Random Forest,entropy,z,100,0.9250334916575326,0.061510264977055584,0.7437522835221047,0.5638425068899773,0.7074534161490682,0.5966581841619396,1429.0624208633155,1458,0.7761058893723174,1.6663104595901441,0.1423001960813293
E3_z,stratified,10,0,9,Random Forest,density_ratio,z,100,0.9224333211545489,0.06353925257470958,0.7457191572281086,0.5437704532234502,0.7068018511752527,0.585771925884618,537.3698049557945,1458,0.07134738364010454,11.362070844686649,1.308898523038467
E3_z,stratified,10,0,9,MaxEnt,unweighted,z,100,0.8537571550359274,0.08258900136374377,0.5747412008281574,0.4662193034668589,0.546650834246742,0.3790917018396954,1458.0,1458,1.0,1.0,0.0
E3_z,stratified,10,0,9,MaxEnt,entropy,z,100,0.8501644135915236,0.08322366337504511,0.5678784557301182,0.45391137589315267,0.5352027767628791,0.38878125165879296,1429.0624208633155,1458,0.7761058893723174,1.6663104595901441,0.1423001960813293
E3_z,stratified,10,0,9,MaxEnt,density_ratio,z,100,0.8153270003653635,0.09456065822545975,0.5169102423578127,0.3441123056217672,0.5009012300572402,0.31637874833893265,537.3698049557945,1458,0.07134738364010454,11.362070844686649,1.308898523038467
E3_z,stratified,10,0,9,GAM,unweighted,z,100,0.844355133357691,0.08615613802923502,0.578668858847887,0.4521390355249041,0.5594020216782365,0.3817036535353242,1458.0,1458,1.0,1.0,0.0
E3_z,stratified,10,0,9,GAM,entropy,z,100,0.8422055778833271,0.0866822979610772,0.5812933869199854,0.42468285586541477,0.551881622214103,0.38133587473097574,1429.0624208633155,1458,0.7761058893723174,1.6663104595901441,0.1423001960813293
E3_z,stratified,10,0,9,GAM,density_ratio,z,100,0.8056265984654731,0.10002981403718296,0.5247899159663865,0.2873255496062572,0.5038424065278284,0.31982142166905037,537.3698049557945,1458,0.07134738364010454,11.362070844686649,1.308898523038467
E3_z,stratified,10,0,9,Bayesian,unweighted,z,100,0.7505358665205212,0.10398979608680138,0.3767019851418829,0.2139040021853048,0.358713920350749,0.21418676440110396,1458.0,1458,1.0,1.0,0.0
E3_z,stratified,10,0,9,Bayesian,entropy,z,100,0.7513213981244672,0.1039222396305411,0.39203507489952494,0.2665507390386288,0.36982706125928644,0.22221043272731267,1429.0624208633155,1458,0.7761058893723174,1.6663104595901441,0.1423001960813293
E3_z,stratified,10,0,9,Bayesian,density_ratio,z,100,0.7313603702350505,0.11229025048349622,0.33680428693216413,0.21064417662729384,0.3191754962854707,0.17550438886535735,537.3698049557945,1458,0.07134738364010454,11.362070844686649,1.308898523038467
E3_z,grouped,5,0,0,Random Forest,unweighted,z,100,0.820247939654426,0.10490220506698444,0.4873949579831933,0.3066399832730966,0.46952001139438826,0.3645831413245839,1262.0,1262,1.0,1.0,0.0
E3_z,grouped,5,0,0,Random Forest,entropy,z,100,0.8216317434251866,0.10483614034423663,0.490694582917913,0.28047680106377937,0.4691639367611451,0.37746731729676564,1238.605995520533,1262,0.8170759151923052,1.627369975218035,0.1374313129083174
E3_z,grouped,5,0,0,Random Forest,density_ratio,z,100,0.8351779395706438,0.1000801030291141,0.5409960594407255,0.33913438144061425,0.4970564496985235,0.40102271421457847,514.5330237140981,1262,0.030821834167786055,8.630113566980095,1.2052839629485896
E3_z,grouped,5,0,0,MaxEnt,unweighted,z,100,0.8510923811199456,0.09372898726116283,0.5650192280301951,0.3880845235765995,0.543369890329013,0.3841506394119424,1262.0,1262,1.0,1.0,0.0
E3_z,grouped,5,0,0,MaxEnt,entropy,z,100,0.8489517442071545,0.0944433567033548,0.5561648388168827,0.3728624742382889,0.5489483929164884,0.3714650581894994,1238.605995520533,1262,0.8170759151923052,1.627369975218035,0.1374313129083174
E3_z,grouped,5,0,0,MaxEnt,density_ratio,z,100,0.7632215398622062,0.11216123207148898,0.44219721787019894,0.27860785809365696,0.43405497792337266,0.2795615081185213,514.5330237140981,1262,0.030821834167786055,8.630113566980095,1.2052839629485896
E3_z,grouped,5,0,0,GAM,unweighted,z,100,0.8319188093981361,0.10186993393277194,0.5498504486540379,0.35257317685739076,0.5490433461520201,0.3533599676110887,1262.0,1262,1.0,1.0,0.0
E3_z,grouped,5,0,0,GAM,entropy,z,100,0.8290213393433148,0.10205979086909688,0.5349427906755921,0.3277698992763899,0.4952760765323079,0.33127451136056907,1238.605995520533,1262,0.8170759151923052,1.627369975218035,0.1374313129083174
E3_z,grouped,5,0,0,GAM,density_ratio,z,100,0.7572199368281709,0.11542773769632236,0.4019133076959598,0.19355576260238816,0.36257892987703544,0.23163657595219866,514.5330237140981,1262,0.030821834167786055,8.630113566980095,1.2052839629485896
E3_z,grouped,5,0,0,Bayesian,unweighted,z,100,0.7658886086837526,0.11105956050565122,0.44732469258890006,0.32661692189030156,0.4097469496273085,0.25230584830368497,1262.0,1262,1.0,1.0,0.0
E3_z,grouped,5,0,0,Bayesian,entropy,z,100,0.7623837171957517,0.11185194763908965,0.4489388975929356,0.32506295172698296,0.39296396524711596,0.22898482564010347,1238.605995520533,1262,0.8170759151923052,1.627369975218035,0.1374313129083174
E3_z,grouped,5,0,0,Bayesian,density_ratio,z,100,0.7729765884419572,0.12083952498605664,0.4363575938850115,0.2806283681663435,0.40205573754925705,0.23507123475895375,514.5330237140981,1262,0.030821834167786055,8.630113566980095,1.2052839629485896
E3_z,grouped,5,0,1,Random Forest,unweighted,z,100,0.7805432621985523,0.09906291400716777,0.4541671354811285,0.29424265372902225,0.35572860018252506,0.3576725944874095,1307.0,1307,1.0,1.0,0.0
E3_z,grouped,5,0,1,Random Forest,entropy,z,100,0.7715006125842303,0.09974300182890017,0.4289417919963996,0.2838979194161624,0.30667654302466585,0.3139280518227794,1285.3353378734635,1307,0.7810619287782213,1.6302487274558635,0.12982781149495862
E3_z,grouped,5,0,1,Random Forest,density_ratio,z,100,0.7686642850891998,0.09943256075558196,0.42354573753891156,0.2270361418129837,0.3017930590456188,0.32858124823476975,461.6893934825296,1307,0.05349541584806811,21.66564341846758,1.3531103325928082
E3_z,grouped,5,0,1,MaxEnt,unweighted,z,100,0.7847032091912638,0.09915503876266347,0.46503738013976914,0.299178218259761,0.4420342172048657,0.30404751027866594,1307.0,1307,1.0,1.0,0.0
E3_z,grouped,5,0,1,MaxEnt,entropy,z,100,0.7837905837052596,0.0993160806829606,0.46712360449561796,0.30778481895692045,0.46140875620397814,0.3070431674651397,1285.3353378734635,1307,0.7810619287782213,1.6302487274558635,0.12982781149495862
E3_z,grouped,5,0,1,MaxEnt,density_ratio,z,100,0.7092740876870569,0.10701982773168597,0.3260417057345384,0.206152216572568,0.3102160922126793,0.20793655615390005,461.6893934825296,1307,0.05349541584806811,21.66564341846758,1.3531103325928082
E3_z,grouped,5,0,1,GAM,unweighted,z,100,0.786245608771206,0.09782343009674888,0.442920276538024,0.23135528091712787,0.41645726287364515,0.2993233954228105,1307.0,1307,1.0,1.0,0.0
E3_z,grouped,5,0,1,GAM,entropy,z,100,0.7859674455237596,0.09806579853394849,0.4498587305754542,0.2729496185276157,0.40182243808523666,0.2954409795370604,1285.3353378734635,1307,0.7810619287782213,1.6302487274558635,0.12982781149495862
E3_z,grouped,5,0,1,GAM,density_ratio,z,100,0.7110243283451474,0.1078367493388522,0.3065796547025217,0.22407033778331586,0.29211985397992235,0.1753628395625756,461.6893934825296,1307,0.05349541584806811,21.66564341846758,1.3531103325928082
E3_z,grouped,5,0,1,Bayesian,unweighted,z,100,0.7223586993211567,0.10909395937018283,0.35115453374839056,0.18864398598022958,0.2961891635099827,0.23067958801783017,1307.0,1307,1.0,1.0,0.0
E3_z,grouped,5,0,1,Bayesian,entropy,z,100,0.7248293515358362,0.10818364320617413,0.35875557889209775,0.18659801146466004,0.3186969458300517,0.24256199551242819,1285.3353378734635,1307,0.7810619287782213,1.6302487274558635,0.12982781149495862
E3_z,grouped,5,0,1,Bayesian,density_ratio,z,100,0.5793952918526297,0.1137505767351905,0.1381033642125793,0.0531312948521131,0.07871082273812657,0.047020866629822744,461.6893934825296,1307,0.05349541584806811,21.66564341846758,1.3531103325928082
E3_z,grouped,5,0,2,Random Forest,unweighted,z,100,0.8591640868719765,0.11375965157598478,0.5502054888487256,0.5003346723844837,0.5471693836527507,0.4846309494249351,1184.0,1184,1.0,1.0,0.0
E3_z,grouped,5,0,2,Random Forest,entropy,z,100,0.858020029943513,0.11366857743363204,0.5433960238355136,0.4571460973888921,0.5404374616013219,0.43511113117426103,1157.8445499061722,1184,0.7616924214717992,1.6257906364395815,0.15029895848922234
E3_z,grouped,5,0,2,Random Forest,density_ratio,z,100,0.8508526743374552,0.11657791898363236,0.5555106204033426,0.40098926771971555,0.5401320616287602,0.45782795061768344,514.6761169021016,1184,0.0532847290197005,7.446540880503145,1.1403840991994671
E3_z,grouped,5,0,2,MaxEnt,unweighted,z,100,0.8153702079940829,0.12060705121388034,0.47107349283324096,0.30497058612276673,0.45991446414830994,0.35698074631302035,1184.0,1184,1.0,1.0,0.0
E3_z,grouped,5,0,2,MaxEnt,entropy,z,100,0.8181712983674223,0.11968459601220502,0.48518631187779215,0.2831148797420463,0.4699437515284912,0.330725386469516,1157.8445499061722,1184,0.7616924214717992,1.6257906364395815,0.15029895848922234
E3_z,grouped,5,0,2,MaxEnt,density_ratio,z,100,0.820602568461488,0.11901246029051236,0.5145583928326443,0.41397903643621337,0.5037429391168453,0.3817698694192624,514.6761169021016,1184,0.0532847290197005,7.446540880503145,1.1403840991994671
E3_z,grouped,5,0,2,GAM,unweighted,z,100,0.7922588264767461,0.12958133991367618,0.46498219494300597,0.3167203107973813,0.3944169067516061,0.34606386864943006,1184.0,1184,1.0,1.0,0.0
E3_z,grouped,5,0,2,GAM,entropy,z,100,0.7971881729088752,0.12846660315866104,0.467785671253631,0.34228354299112174,0.41733741328609186,0.3500476795136188,1157.8445499061722,1184,0.7616924214717992,1.6257906364395815,0.15029895848922234
E3_z,grouped,5,0,2,GAM,density_ratio,z,100,0.7782020769584072,0.1302949519477514,0.4303837183639627,0.37095910130844967,0.38785915812202876,0.2700822821350988,514.6761169021016,1184,0.0532847290197005,7.446540880503145,1.1403840991994671
E3_z,grouped,5,0,2,Bayesian,unweighted,z,100,0.6461344833551049,0.14554079662735495,0.2108416990259412,0.11391943257181647,0.13802647197418416,0.10280286639625746,1184.0,1184,1.0,1.0,0.0
E3_z,grouped,5,0,2,Bayesian,entropy,z,100,0.6474694152664195,0.14446373332224668,0.20772327899361165,0.1139884874396827,0.15433196738423738,0.12003960245371903,1157.8445499061722,1184,0.7616924214717992,1.6257906364395815,0.15029895848922234
E3_z,grouped,5,0,2,Bayesian,density_ratio,z,100,0.7256052824651504,0.1464493243546302,0.33003835394186654,0.21099077263807664,0.32105649303008077,0.2143971881500153,514.6761169021016,1184,0.0532847290197005,7.446540880503145,1.1403840991994671
E3_z,grouped,5,0,3,Random Forest,unweighted,z,100,0.8587559592306426,0.08619081769568775,0.588851022395326,0.43602216359580237,0.5372096258172208,0.4680934875758047,1311.0,1311,1.0,1.0,0.0
E3_z,grouped,5,0,3,Random Forest,entropy,z,100,0.8538162786580509,0.08844660920954016,0.5723011166049141,0.40044462386701096,0.5269761883685935,0.48730155713970413,1290.2700292216944,1311,0.8140583988540739,1.6255110133307322,0.1267532314948562
E3_z,grouped,5,0,3,Random Forest,density_ratio,z,100,0.8546548388320538,0.08983942417796595,0.566616927376421,0.4038767480744704,0.5389926529167035,0.48062741029746736,568.9208754665957,1311,0.10735781844982188,8.427588748311019,1.142086958804532
E3_z,grouped,5,0,3,MaxEnt,unweighted,z,100,0.839737793851718,0.07530575243144676,0.5008282856384123,0.5247233046770329,0.4735770558555368,0.40871618644333696,1311.0,1311,1.0,1.0,0.0
E3_z,grouped,5,0,3,MaxEnt,entropy,z,100,0.8360231540611287,0.07596237237532856,0.4996901832344869,0.5335592785506199,0.47227772227772213,0.4100364778182476,1290.2700292216944,1311,0.8140583988540739,1.6255110133307322,0.1267532314948562
E3_z,grouped,5,0,3,MaxEnt,density_ratio,z,100,0.8140704232476386,0.09151660572349518,0.4951820331567167,0.37825893762738716,0.473418986077214,0.3940322856503835,568.9208754665957,1311,0.10735781844982188,8.427588748311019,1.142086958804532
E3_z,grouped,5,0,3,GAM,unweighted,z,100,0.8314628409565118,0.08138199031915243,0.4886537513119791,0.5104917854117368,0.48300433743471727,0.3773089123801786,1311.0,1311,1.0,1.0,0.0
E3_z,grouped,5,0,3,GAM,entropy,z,100,0.8272834760176534,0.08216898026820102,0.49011431606368316,0.514241645244216,0.4711491040604965,0.383337405954601,1290.2700292216944,1311,0.8140583988540739,1.6255110133307322,0.1267532314948562
E3_z,grouped,5,0,3,GAM,density_ratio,z,100,0.7779293491318807,0.1003704425476589,0.4445649287421438,0.2759015118146385,0.3818776160548314,0.2862763035343133,568.9208754665957,1311,0.10735781844982188,8.427588748311019,1.142086958804532
E3_z,grouped,5,0,3,Bayesian,unweighted,z,100,0.7977829132892424,0.09789478329956208,0.47880284272689355,0.3252863515600335,0.45836125899417035,0.28766634061558183,1311.0,1311,1.0,1.0,0.0
E3_z,grouped,5,0,3,Bayesian,entropy,z,100,0.7956616168641486,0.09854844924722139,0.47493645594911427,0.26853327351230194,0.46290102302760516,0.3009407030301037,1290.2700292216944,1311,0.8140583988540739,1.6255110133307322,0.1267532314948562
E3_z,grouped,5,0,3,Bayesian,density_ratio,z,100,0.6666498058903122,0.11062444162573974,0.2777254391178441,0.14037994900882,0.2712350940199042,0.13512010973902344,568.9208754665957,1311,0.10735781844982188,8.427588748311019,1.142086958804532
E3_z,grouped,5,0,4,Random Forest,unweighted,z,100,0.8271071155814458,0.062061482762061554,0.5470493774902072,0.28997125894373943,0.5161691291581838,0.4020399512253837,1412.0,1412,1.0,1.0,0.0
E3_z,grouped,5,0,4,Random Forest,entropy,z,100,0.8304318710680204,0.061460245971180695,0.538926179006,0.30358656815842067,0.5192934362674944,0.43479337076249736,1388.9207527505548,1412,0.8017295521857197,1.6429616348041416,0.12890568955685025
E3_z,grouped,5,0,4,Random Forest,density_ratio,z,100,0.8229828062324888,0.06064011299070791,0.5345185543528652,0.4558759483805901,0.5249037511842132,0.4060805788453242,581.1830583528416,1412,0.04391639711370988,11.008376876503274,1.1956283354956116
E3_z,grouped,5,0,4,MaxEnt,unweighted,z,100,0.8093366390518233,0.06318299142885692,0.5391546229666808,0.4685562134323652,0.48007498337062326,0.25565419005807144,1412.0,1412,1.0,1.0,0.0
E3_z,grouped,5,0,4,MaxEnt,entropy,z,100,0.8100600449273122,0.06412820037073536,0.5385700751849387,0.49931789725477005,0.4643123500836508,0.23785594063324988,1388.9207527505548,1412,0.8017295521857197,1.6429616348041416,0.12890568955685025
E3_z,grouped,5,0,4,MaxEnt,density_ratio,z,100,0.8078450343673783,0.0731722476630757,0.48674017187048557,0.3096079629716689,0.46435938266379084,0.22362145616680362,581.1830583528416,1412,0.04391639711370988,11.008376876503274,1.1956283354956116
E3_z,grouped,5,0,4,GAM,unweighted,z,100,0.7869446516117617,0.06788614927716678,0.4980145532240834,0.3508968769084376,0.4255440661681211,0.2287428263923752,1412.0,1412,1.0,1.0,0.0
E3_z,grouped,5,0,4,GAM,entropy,z,100,0.7861674942161125,0.06882652756160805,0.4953807287362346,0.37193101047756927,0.4526281133888319,0.2575074156753616,1388.9207527505548,1412,0.8017295521857197,1.6429616348041416,0.12890568955685025
E3_z,grouped,5,0,4,GAM,density_ratio,z,100,0.7190072094226415,0.08394756071926944,0.3552706724987065,0.16029928029636997,0.3330444189124724,0.1551628070043637,581.1830583528416,1412,0.04391639711370988,11.008376876503274,1.1956283354956116
E3_z,grouped,5,0,4,Bayesian,unweighted,z,100,0.7460016707764184,0.07614988801821615,0.4757076723576088,0.253919012455484,0.42510061612679984,0.19665063888379497,1412.0,1412,1.0,1.0,0.0
E3_z,grouped,5,0,4,Bayesian,entropy,z,100,0.7438605685567046,0.0764164105037479,0.4851276262656803,0.2805274629637544,0.4338352381528292,0.1998836032232002,1388.9207527505548,1412,0.8017295521857197,1.6429616348041416,0.12890568955685025
E3_z,grouped,5,0,4,Bayesian,density_ratio,z,100,0.7040934022248649,0.08069358537687037,0.37898181182936597,0.14988055791014876,0.3506346038848911,0.15666390479964443,581.1830583528416,1412,0.04391639711370988,11.008376876503274,1.1956283354956116
