K,partition,J_presence,J_background,KL
25,pooled,0.9164695711069958,0.9905242431227635,0.2717546661611873
25,presence_only,0.9778643422855887,0.9538204740685928,0.18756422290705163
25,background_only,0.9016611098486875,0.9885518754193132,0.22645768404103467
50,pooled,0.8948605107016598,0.9906370511164718,0.4005332944894617
50,presence_only,0.9753487149312965,0.9454586980501414,0.32376762940756454
50,background_only,0.8993656291465781,0.9894186999587502,0.2844461502721487
100,pooled,0.878361355742799,0.9880112233725479,0.6337655324806869
100,presence_only,0.9617843989157907,0.9461234410668633,0.38625519955688087
100,background_only,0.8682628024773794,0.9856164895213821,0.44220225373387206
200,pooled,0.8685087074269306,0.985164756522526,0.8372516706441964
200,presence_only,0.9601014675127391,0.9402723048103081,0.5336248710681726
200,background_only,0.8540919323694047,0.986100691355139,0.6343670705783226
400,pooled,0.8508707748833629,0.984894838566481,1.0198759626374425
400,presence_only,0.9596855018882332,0.9375771128423366,0.7817481777499802
400,background_only,0.8303347391302911,0.9851156903319978,0.8429880566256036
1024,median_grid_1024,0.7933735262405718,0.9297959174633734,1.407403049401243
