scheme,fold,model,weighting,AUC,TSS,Kappa,Brier,H,seconds
grouped,0,Random Forest,unweighted,0.8197661916212148,0.48305084745762705,0.28185772064934345,0.10487265675669923,4.430687868297061,5.0
grouped,0,Random Forest,entropy,0.8198723158256324,0.49869439301144186,0.29860844597956027,0.10583871727878638,4.430687868297061,5.1
grouped,0,GAM,unweighted,0.8319174130270254,0.5498504486540379,0.35257317685739076,0.10186998246097834,4.430687868297061,0.4
grouped,0,GAM,entropy,0.8289626917566628,0.5378151260504203,0.33400657516474774,0.10220704652065488,4.430687868297061,0.3
grouped,0,MaxEnt,unweighted,0.8511971089532522,0.5640222190571145,0.38678799915349427,0.09370156826644965,4.430687868297061,1.8
grouped,0,MaxEnt,entropy,0.8483652683406363,0.5615296966244125,0.3835645314286177,0.09456396866166646,4.430687868297061,2.0
grouped,0,Bayesian,unweighted,0.7678616810632528,0.4477045055310259,0.33078724206575405,0.11065882679471259,4.430687868297061,11.7
grouped,0,Bayesian,entropy,0.7629436620111654,0.44661254332241374,0.3101907572585032,0.11166173731652498,4.430687868297061,9.9
grouped,1,Random Forest,unweighted,0.7804362162297316,0.4513058045481254,0.30086426749787487,0.09900028800914343,4.441246511126002,4.7
grouped,1,Random Forest,entropy,0.7682829826601159,0.4244021052894773,0.3009193341614026,0.09987826273175905,4.441246511126002,4.9
grouped,1,GAM,unweighted,0.7862331070522196,0.442920276538024,0.23135528091712787,0.09782444203123432,4.441246511126002,0.4
grouped,1,GAM,entropy,0.7852798509795097,0.4449111752866019,0.2710650889827443,0.09795478514992528,4.441246511126002,0.3
grouped,1,MaxEnt,unweighted,0.785583017664929,0.464829539061621,0.2969677244155491,0.09937905338760943,4.441246511126002,1.6
grouped,1,MaxEnt,entropy,0.7829826601157658,0.45722849391791376,0.303986559951127,0.09969596388519542,4.441246511126002,3.3
grouped,1,Bayesian,unweighted,0.7225009063746265,0.35025128455162585,0.185852474778319,0.10909628041085263,4.441246511126002,11.1
grouped,1,Bayesian,entropy,0.7232572603733015,0.3666285364237583,0.1908278043618481,0.10848068491100002,4.441246511126002,9.8
grouped,2,Random Forest,unweighted,0.8592976993599724,0.5516167707531808,0.49402171648480564,0.11375075761034847,4.404256279941347,4.6
grouped,2,Random Forest,entropy,0.8546630161826198,0.5444577659276226,0.40152290292923476,0.11458360055120474,4.404256279941347,4.8
grouped,2,GAM,unweighted,0.7922934225673879,0.46498219494300597,0.3167203107973813,0.12957260478574134,4.404256279941347,0.6
grouped,2,GAM,entropy,0.7974625556967235,0.468386927449612,0.32901157338933296,0.12793730183459726,4.404256279941347,0.3
grouped,2,MaxEnt,unweighted,0.8155431884472918,0.4728534020483272,0.3057705496228079,0.12060311003545421,4.404256279941347,2.2
grouped,2,MaxEnt,entropy,0.8196350708921615,0.4808116958645741,0.2801258014630502,0.11925048462719999,4.404256279941347,2.0
grouped,2,Bayesian,unweighted,0.6456370154310493,0.21098724120036505,0.11521691403763745,0.1456892985563673,4.404256279941347,11.9
grouped,2,Bayesian,entropy,0.6508037626230994,0.22751582174662532,0.1279105563734284,0.1444778192110857,4.404256279941347,11.8
grouped,3,Random Forest,unweighted,0.8591448108853172,0.5870932864603751,0.3600392790567597,0.08593820690018464,4.443070327148505,4.9
grouped,3,Random Forest,entropy,0.8503300496971382,0.5948671581582974,0.410291857004241,0.08742068927776687,4.443070327148505,5.0
grouped,3,GAM,unweighted,0.8314628409565118,0.4886537513119792,0.5104917854117368,0.08138357039778192,4.443070327148505,0.4
grouped,3,GAM,entropy,0.8287203303026088,0.4906011709809179,0.5154988481539736,0.08196331104941347,4.443070327148505,0.4
grouped,3,MaxEnt,unweighted,0.8404664955297867,0.4985552422261283,0.5246172680155156,0.07537200196256214,4.443070327148505,2.5
grouped,3,MaxEnt,entropy,0.8382519379354824,0.4987164734000177,0.5309548652014405,0.07580624971336207,4.443070327148505,2.4
grouped,3,Bayesian,unweighted,0.7983171891399741,0.48253645089088126,0.3278228690353717,0.09777697373808915,4.443070327148505,11.6
grouped,3,Bayesian,entropy,0.7968234297348221,0.4773422779751894,0.32338456035818586,0.0984867675941335,4.443070327148505,9.9
grouped,4,Random Forest,unweighted,0.8273646749488801,0.5430717649983539,0.2813497492020065,0.062208816809311354,4.457862765464876,4.9
grouped,4,Random Forest,entropy,0.8300074580234221,0.5353181082152481,0.3414562020802887,0.0621517370142441,4.457862765464876,4.8
grouped,4,GAM,unweighted,0.786933453378395,0.4980145532240834,0.3508968769084376,0.06788570907519545,4.457862765464876,0.4
grouped,4,GAM,entropy,0.7852201236732893,0.48862147507609205,0.3518576757643348,0.06879617762061033,4.457862765464876,0.3
grouped,4,MaxEnt,unweighted,0.8093523165785366,0.5390336820463203,0.500761510036952,0.06296905340594228,4.457862765464876,8.8
grouped,4,MaxEnt,entropy,0.8089962127574754,0.5369104969999933,0.4831084349003676,0.06445629615072686,4.457862765464876,9.9
grouped,4,Bayesian,unweighted,0.746328659190726,0.4727110251086789,0.3023641606821298,0.07608305439717107,4.457862765464876,11.3
grouped,4,Bayesian,entropy,0.740998300108175,0.47187787654619606,0.25974635979333016,0.07676565895710005,4.457862765464876,9.8
