K,fold,weighting,H,AUC,TSS,w_min,w_max
25,0,unweighted,3.158244717501566,0.9275228718992001,0.7380191209682792,0.8513998756190742,1.3719812800020217
25,0,entropy,3.158244717501566,0.9303080667720198,0.7312120441513935,0.8513998756190742,1.3719812800020217
25,1,unweighted,3.1682131848797486,0.9280556917879135,0.7515999733590056,0.8788042903007596,1.3325577379438371
25,1,entropy,3.1682131848797486,0.9234434696262389,0.7306292723981133,0.8788042903007596,1.3325577379438371
25,2,unweighted,3.133777250229822,0.9273798279233951,0.7559548677335174,0.8805816452547826,1.4682972812871924
25,2,entropy,3.133777250229822,0.9271035789754116,0.7675815426346733,0.8805816452547826,1.4682972812871924
25,3,unweighted,3.150286259330625,0.9221704539262165,0.7225204197167578,0.8535507373945049,1.2936041950807442
25,3,entropy,3.150286259330625,0.9221795360834106,0.7224613856949968,0.8535507373945049,1.2936041950807442
25,4,unweighted,3.149688762865915,0.9287477774724149,0.7148969703779398,0.850370213958217,1.3759532636845802
25,4,entropy,3.149688762865915,0.9286331398412078,0.716646143240859,0.850370213958217,1.3759532636845802
50,0,unweighted,3.830605251596859,0.9275228718992002,0.7380191209682792,0.8495375417106474,1.2971948479227875
50,0,entropy,3.830605251596859,0.9293302211808016,0.7313815777523477,0.8495375417106474,1.2971948479227875
50,1,unweighted,3.7969619500718186,0.9280556917879135,0.7515999733590056,0.8272177400511161,1.3748770447856562
50,1,entropy,3.7969619500718186,0.9254657632947645,0.7419093116330324,0.8272177400511161,1.3748770447856562
50,2,unweighted,3.80585804862631,0.9273798279233951,0.7559548677335174,0.8028129454442325,1.4121668323508447
50,2,entropy,3.80585804862631,0.9281086710382116,0.7582889821323695,0.8028129454442325,1.4121668323508447
50,3,unweighted,3.8232259836013243,0.9221689402333508,0.7225204197167578,0.8310473775804622,1.453439604547056
50,3,entropy,3.8232259836013243,0.920072475614408,0.7167865511416271,0.8310473775804622,1.453439604547056
50,4,unweighted,3.7925100042787694,0.9287470182828043,0.7148969703779398,0.8530530547151826,1.5242526741578541
50,4,entropy,3.7925100042787694,0.9245972878710349,0.703463574841671,0.8530530547151826,1.5242526741578541
100,0,unweighted,4.431738350637729,0.9275221150527673,0.7380191209682792,0.808429278132354,1.4606274742375547
100,0,entropy,4.431738350637729,0.9296677746898443,0.7336899593724835,0.808429278132354,1.4606274742375547
100,1,unweighted,4.440345057917721,0.9280556917879134,0.7515999733590056,0.8132066011864284,1.6138984427246796
100,1,entropy,4.440345057917721,0.9284378992364933,0.7385943242572309,0.8132066011864284,1.6138984427246796
100,2,unweighted,4.428364610783377,0.9273805847698278,0.7559548677335174,0.8028580241184055,1.4617402500713685
100,2,entropy,4.428364610783377,0.9282358212389276,0.7635399826833537,0.8028580241184055,1.4617402500713685
100,3,unweighted,4.433672699350789,0.9221719676190823,0.7225204197167578,0.8080765718683159,1.4599902231216872
100,3,entropy,4.433672699350789,0.9231846281462105,0.722815589825562,0.8080765718683159,1.4599902231216872
100,4,unweighted,4.430147640201912,0.9287470182828041,0.7148969703779398,0.8285345350879658,1.4613261728805984
100,4,entropy,4.430147640201912,0.9271527201004559,0.7164927869395092,0.8285345350879658,1.4613261728805984
200,0,unweighted,4.8733697146967385,0.9275221150527673,0.7380191209682792,0.7867372451542025,1.4704950360162818
200,0,entropy,4.8733697146967385,0.9262271508061929,0.7346965651281492,0.7867372451542025,1.4704950360162818
200,1,unweighted,4.876020661842176,0.9280564486343462,0.7515999733590056,0.7589241982284464,1.4696955716808222
200,1,entropy,4.876020661842176,0.930701626917092,0.7380115525039508,0.7589241982284464,1.4696955716808222
200,2,unweighted,4.881274621207647,0.927380584769828,0.7559548677335174,0.7929136154957307,1.468113665024787
200,2,entropy,4.881274621207647,0.9304851688373021,0.7611468342627408,0.7929136154957307,1.468113665024787
200,3,unweighted,4.89014738189174,0.9221689402333509,0.7225204197167578,0.8072129203881786,1.46544989639175
200,3,entropy,4.89014738189174,0.9212228821923116,0.7197549028511919,0.8072129203881786,1.46544989639175
200,4,unweighted,4.896453054390411,0.9287477774724149,0.7148969703779398,0.8146680877472209,1.4637203292464709
200,4,entropy,4.896453054390411,0.9264497105210014,0.7075738273936869,0.8146680877472209,1.4637203292464709
400,0,unweighted,4.8733697146967385,0.9275221150527673,0.7380191209682792,0.7867372451542025,1.4704950360162818
400,0,entropy,4.8733697146967385,0.9262271508061929,0.7346965651281492,0.7867372451542025,1.4704950360162818
400,1,unweighted,4.876020661842176,0.9280564486343462,0.7515999733590056,0.7589241982284464,1.4696955716808222
400,1,entropy,4.876020661842176,0.930701626917092,0.7380115525039508,0.7589241982284464,1.4696955716808222
400,2,unweighted,4.881274621207647,0.9273805847698278,0.7559548677335174,0.7929136154957307,1.468113665024787
400,2,entropy,4.881274621207647,0.9304851688373021,0.7611468342627408,0.7929136154957307,1.468113665024787
400,3,unweighted,4.89014738189174,0.9221712107726494,0.7225204197167578,0.8072129203881786,1.46544989639175
400,3,entropy,4.89014738189174,0.9212228821923116,0.7197549028511919,0.8072129203881786,1.46544989639175
400,4,unweighted,4.896453054390411,0.9287477774724149,0.7148969703779398,0.8146680877472209,1.4637203292464709
400,4,entropy,4.896453054390411,0.9264497105210014,0.7075738273936869,0.8146680877472209,1.4637203292464709
