,,,AUC,AUC,TSS,TSS,Kappa,Kappa,Brier,Brier
,,,mean,std,mean,std,mean,std,mean,std
scheme,model,weighting,,,,,,,,
grouped,Bayesian,entropy,0.735,0.0545,0.398,0.1051,0.2424,0.0825,0.108,0.0245
grouped,Bayesian,unweighted,0.7361,0.0578,0.3928,0.1144,0.2524,0.0969,0.1079,0.0253
grouped,GAM,entropy,0.8051,0.0222,0.4861,0.0343,0.3603,0.0919,0.0958,0.0224
grouped,GAM,unweighted,0.8058,0.0238,0.4889,0.0403,0.3524,0.1011,0.0957,0.0233
grouped,MaxEnt,entropy,0.8196,0.0256,0.507,0.0421,0.3963,0.1094,0.0908,0.0213
grouped,MaxEnt,unweighted,0.8204,0.026,0.5079,0.0427,0.403,0.1064,0.0904,0.0223
grouped,Random Forest,entropy,0.8246,0.0346,0.5195,0.0633,0.3506,0.0534,0.094,0.0203
grouped,Random Forest,unweighted,0.8292,0.0327,0.5232,0.0549,0.3436,0.09,0.0932,0.02
stratified,Bayesian,entropy,0.7772,0.0169,0.4513,0.0368,0.2776,0.0181,0.102,0.0013
stratified,Bayesian,unweighted,0.7765,0.0167,0.4442,0.037,0.2708,0.0297,0.1018,0.0014
stratified,GAM,entropy,0.8559,0.0107,0.5695,0.0229,0.4252,0.0481,0.0838,0.0027
stratified,GAM,unweighted,0.8559,0.0107,0.5691,0.0225,0.4049,0.0416,0.0836,0.0027
stratified,MaxEnt,entropy,0.8696,0.011,0.5989,0.0247,0.4548,0.0637,0.0787,0.0032
stratified,MaxEnt,unweighted,0.87,0.0111,0.5997,0.0259,0.4568,0.0712,0.0785,0.0033
stratified,Random Forest,entropy,0.9324,0.0083,0.7527,0.0231,0.6052,0.0659,0.0583,0.0028
stratified,Random Forest,unweighted,0.9322,0.008,0.7499,0.0241,0.6168,0.0757,0.0581,0.0028
